company,location,url
シロ株式会社,,https://www.wantedly.com/projects/2010494
株式会社HYPER CUBE,,https://www.wantedly.com/projects/1997846
株式会社デジタルブロックス,,https://www.wantedly.com/projects/2062214
株式会社QuackShift,,https://www.wantedly.com/projects/2063343
株式会社WorldHacks,,https://www.wantedly.com/projects/2032685
TANE LABS FZCO,,https://www.wantedly.com/projects/2101325
株式会社BIDHIT,,https://www.wantedly.com/projects/2142132
Ms.Engineer株式会社,,https://www.wantedly.com/projects/2142884
株式会社　門崎,,https://www.wantedly.com/projects/2143786
シェアリ株式会社,,https://www.wantedly.com/projects/2140938
株式会社Tours,,https://www.wantedly.com/projects/1857978
スピリード株式会社,,https://www.wantedly.com/projects/2064710
株式会社ソラボ,,https://www.wantedly.com/projects/2131426
UP HEARTS株式会社,,https://www.wantedly.com/projects/2147980
株式会社ALBONA,,https://www.wantedly.com/projects/2150003
株式会社エムニ,,https://www.wantedly.com/projects/2152556
株式会社LeapWell,,https://www.wantedly.com/projects/2145489
株式会社FreeStyle,,https://www.wantedly.com/projects/2140896
TECH CREW株式会社,,https://www.wantedly.com/projects/2145426
株式会社Aww,,https://www.wantedly.com/projects/2042823
株式会社Sun Growing,,https://www.wantedly.com/projects/2113930
株式会社クレス,,https://www.wantedly.com/projects/1663464
Puri Prince,,https://www.wantedly.com/projects/2113066
株式会社アントアント,,https://www.wantedly.com/projects/1346340
株式会社BLITZ Marketing,,https://www.wantedly.com/projects/2138696
MOVIN株式会社,,https://www.wantedly.com/projects/2122486
株式会社GIG,,https://www.wantedly.com/projects/1207979
株式会社トラスクエタ,,https://www.wantedly.com/projects/1910037
株式会社アニマライフ,,https://www.wantedly.com/projects/2043531
株式会社ガクシー,,https://www.wantedly.com/projects/2092036
株式会社ワーキング・ヘッズ・アドバンス,,https://www.wantedly.com/projects/1965722
株式会社ミギナナメウエ,,https://www.wantedly.com/projects/1859570
株式会社ザブーン,,https://www.wantedly.com/projects/2152854
株式会社 カニカピラ,,https://www.wantedly.com/projects/919441
Vision Base株式会社,,https://www.wantedly.com/projects/2140804
タビアン株式会社,,https://www.wantedly.com/projects/2149813
SHE株式会社,,https://www.wantedly.com/projects/2121830
株式会社REA,,https://www.wantedly.com/projects/2048502
KYOKYU株式会社,,https://www.wantedly.com/projects/1641674
株式会社ゼロイチラボ,,https://www.wantedly.com/projects/1843488
株式会社Yotsunagi,,https://www.wantedly.com/projects/1823873
株式会社プロパゲート,,https://www.wantedly.com/projects/1608511
株式会社SaaTsu,,https://www.wantedly.com/projects/2133503
株式会社2peace,,https://www.wantedly.com/projects/1635698
Priv Tech株式会社,,https://www.wantedly.com/projects/2019951
株式会社Anycloud,,https://www.wantedly.com/projects/2057526
ジョージアンドショーン株式会社,,https://www.wantedly.com/projects/2104091
株式会社SENRI,,https://www.wantedly.com/projects/1995364
株式会社フリックフィット,,https://www.wantedly.com/projects/1930876
ATI株式会社,,https://www.wantedly.com/projects/1808028
株式会社かいな,,https://www.wantedly.com/projects/2044330
株式会社Kiei,,https://www.wantedly.com/projects/2067940
株式会社GrooveDesigns,,https://www.wantedly.com/projects/2128530
株式会社Techtical,,https://www.wantedly.com/projects/2140659
xxx株式会社,,https://www.wantedly.com/projects/2127746
株式会社ボーダレスシティ,,https://www.wantedly.com/projects/1922729
株式会社ゆかい,,https://www.wantedly.com/projects/2147656
UNIT BASE株式会社,,https://www.wantedly.com/projects/2131976
karufuka株式会社,,https://www.wantedly.com/projects/2139544
株式会社Lbose,,https://www.wantedly.com/projects/2128240
株式会社futurelabo,,https://www.wantedly.com/projects/1890207
GOGEN株式会社,,https://www.wantedly.com/projects/1807205
株式会社スパプラ,,https://www.wantedly.com/projects/2056794
AnyReach株式会社,,https://www.wantedly.com/projects/2084405
株式会社バチェラーデート,,https://www.wantedly.com/projects/2058076
株式会社エイト,,https://www.wantedly.com/projects/2042829
株式会社ワクト,,https://www.wantedly.com/projects/2032995
SinkCapital,,https://www.wantedly.com/projects/1120648
株式会社ミライCRM,,https://www.wantedly.com/projects/2111839
株式会社80&Company,,https://www.wantedly.com/projects/1887941
株式会社ユニメディア,,https://www.wantedly.com/projects/1774441
Weteam,,https://www.wantedly.com/projects/2102459
デザインファースト株式会社,,https://www.wantedly.com/projects/2015830
LIDDELL株式会社,,https://www.wantedly.com/projects/2141802
株式会社activo,,https://www.wantedly.com/projects/2058907
株式会社NewRecord,,https://www.wantedly.com/projects/2150953
株式会社WOGO,,https://www.wantedly.com/projects/2151117
株式会社Liquet,,https://www.wantedly.com/projects/2152098
株式会社メイキップ,,https://www.wantedly.com/projects/2119656
株式会社ジムウィー,,https://www.wantedly.com/projects/2151688
デザミス株式会社,,https://www.wantedly.com/projects/1473316
toraco株式会社,,https://www.wantedly.com/projects/2001668
株式会社AppBrew,,https://www.wantedly.com/projects/1414520
TOP DEAD CENTER株式会社,,https://www.wantedly.com/projects/1860501
forent株式会社,,https://www.wantedly.com/projects/1937339
株式会社Nexceed,,https://www.wantedly.com/projects/2108454
株式会社SHIFT,,https://www.wantedly.com/projects/2118302
株式会社ガーネットコンサルティング,,https://www.wantedly.com/projects/2096403
株式会社bajji,,https://www.wantedly.com/projects/2004932
株式会社Almondo,,https://www.wantedly.com/projects/1975141
つながりAI株式会社,,https://www.wantedly.com/projects/2104287
株式会社SOCT,,https://www.wantedly.com/projects/1967870
LUC株式会社,,https://www.wantedly.com/projects/2008971
WorldUtility株式会社,,https://www.wantedly.com/projects/2053228
株式会社 MedOps Technologies,,https://www.wantedly.com/projects/2115964
Nehan株式会社,,https://www.wantedly.com/projects/2148182
株式会社ELEMENTS,,https://www.wantedly.com/projects/2151216
株式会社マツリカ,,https://www.wantedly.com/projects/1828481
ダイアモンドヘッド株式会社,,https://www.wantedly.com/projects/2077091
株式会社イルシル,,https://www.wantedly.com/projects/1844997
株式会社Ruby開発,,https://www.wantedly.com/projects/1308390
Umee Technologies株式会社,,https://www.wantedly.com/projects/2067771
株式会社NATSLIVE Group,,https://www.wantedly.com/projects/292340
株式会社 Purpom Media Lab,,https://www.wantedly.com/projects/2116980
FAKE,,https://www.wantedly.com/projects/2085443
株式会社レターファン,,https://www.wantedly.com/projects/2054927
株式会社TERRA,,https://www.wantedly.com/projects/1850689
株式会社 BALANCe,,https://www.wantedly.com/projects/1515497
株式会社Piic,,https://www.wantedly.com/projects/2100005
株式会社AIdeaLab,,https://www.wantedly.com/projects/1949524
株式会社OpenFashion,,https://www.wantedly.com/projects/562977
冒険社プラコレ,,https://www.wantedly.com/projects/448255
フロッグウェル株式会社,,https://www.wantedly.com/projects/1987407
Ｋ．Ｓ．ロジャース株式会社,,https://www.wantedly.com/projects/2142990
株式会社ディマージシェア,,https://www.wantedly.com/projects/2090461
株式会社リ・クリエ,,https://www.wantedly.com/projects/1948022
YOAKE Inc.,,https://www.wantedly.com/projects/2071993
株式会社Live Now,,https://www.wantedly.com/projects/2030519
株式会社グロースピリット,,https://www.wantedly.com/projects/2040872
株式会社ライトコード,,https://www.wantedly.com/projects/676522
株式会社Senyou,,https://www.wantedly.com/projects/2142355
株式会社jioworks,,https://www.wantedly.com/projects/1313029
株式会社Domuz,,https://www.wantedly.com/projects/1979023
ハチマルヤ合同会社,,https://www.wantedly.com/projects/2098600
株式会社JGコーポレーション,,https://www.wantedly.com/projects/626677
株式会社Peds3,,https://www.wantedly.com/projects/2026665
株式会社MIXI,,https://www.wantedly.com/projects/2045452
株式会社PeopleX Japan,,https://www.wantedly.com/projects/2111384
株式会社アイビス,,https://www.wantedly.com/projects/2016462
カラビナテクノロジー株式会社,,https://www.wantedly.com/projects/549813
株式会社Helpfeel,,https://www.wantedly.com/projects/2136920
株式会社スタッフライフ,,https://www.wantedly.com/projects/2093823
株式会社ソラジマ,,https://www.wantedly.com/projects/1948497
株式会社SHIFT AI,,https://www.wantedly.com/projects/2096943
大阪ヒートクール株式会社,,https://www.wantedly.com/projects/2152323
rayout株式会社,,https://www.wantedly.com/projects/1888820
株式会社Multifverse,,https://www.wantedly.com/projects/1529488
株式会社ダイヤモンドファンタジー,,https://www.wantedly.com/projects/2129074
株式会社クアリタ,,https://www.wantedly.com/projects/679206
はてなベース株式会社,,https://www.wantedly.com/projects/1763557
株式会社ＬＡＳＳＩＣ,,https://www.wantedly.com/projects/1198099
株式会社ダイナミクス・コンサルティング,,https://www.wantedly.com/projects/1687226
StockSun株式会社,,https://www.wantedly.com/projects/1814621
株式会社EQUES,,https://www.wantedly.com/projects/2145383
SORABITO株式会社,,https://www.wantedly.com/projects/2124772
株式会社カドベヤ,,https://www.wantedly.com/projects/1958981
株式会社スマートドライブ,,https://www.wantedly.com/projects/533353
株式会社スクールウィズ,,https://www.wantedly.com/projects/1371658
株式会社Arblet,,https://www.wantedly.com/projects/2101372
freeks株式会社,,https://www.wantedly.com/projects/2132326
株式会社クロステック・マネジメント,,https://www.wantedly.com/projects/2090161
株式会社83Design,,https://www.wantedly.com/projects/2097782
株式会社Redcherry,,https://www.wantedly.com/projects/2108148
株式会社エーオー,,https://www.wantedly.com/projects/2132439
日本ビジネスアート株式会社,,https://www.wantedly.com/projects/1603322
ONESTRUCTION株式会社,,https://www.wantedly.com/projects/2018994
株式会社Dexall,,https://www.wantedly.com/projects/1244940
株式会社ストラテジーアンドパートナー,,https://www.wantedly.com/projects/503811
株式会社HAKKE,,https://www.wantedly.com/projects/1785522
株式会社マーベリックス,,https://www.wantedly.com/projects/1602424
株式会社フォワード,,https://www.wantedly.com/projects/1386156
Marvel株式会社,,https://www.wantedly.com/projects/1348080
合同会社Ko-Lab,,https://www.wantedly.com/projects/2115415
株式会社JOINT CREW,,https://www.wantedly.com/projects/286236
株式会社シナスタジア,,https://www.wantedly.com/projects/2140374
Empire State株式会社,,https://www.wantedly.com/projects/2142987
株式会社Gemcook,,https://www.wantedly.com/projects/103912
株式会社リチェルカ,,https://www.wantedly.com/projects/2074019
株式会社Ksync,,https://www.wantedly.com/projects/2148736
タクトピクセル株式会社,,https://www.wantedly.com/projects/2045354
株式会社スマレジ,,https://www.wantedly.com/projects/1659461
株式会社TIEWA,,https://www.wantedly.com/projects/2131668
BASHAKA株式会社,,https://www.wantedly.com/projects/2036447
株式会社ThinkPunks,,https://www.wantedly.com/projects/1824914
COSOJI株式会社,,https://www.wantedly.com/projects/2103977
株式会社add more,,https://www.wantedly.com/projects/349323
Bee2B株式会社,,https://www.wantedly.com/projects/1564569
株式会社世良,,https://www.wantedly.com/projects/1692296
KURO HOLDINGS株式会社,,https://www.wantedly.com/projects/1640627
クラウドット株式会社,,https://www.wantedly.com/projects/1641908
株式会社誠勝,,https://www.wantedly.com/projects/1992981
株式会社ライフスポーツ,,https://www.wantedly.com/projects/175730
株式会社　陣屋コネクト,,https://www.wantedly.com/projects/459107
アドネス株式会社,,https://www.wantedly.com/projects/2152127
株式会社Everforth,,https://www.wantedly.com/projects/79075
株式会社メディアファースト,,https://www.wantedly.com/projects/1297587
Ixone株式会社,,https://www.wantedly.com/projects/2105580
株式会社pamxy,,https://www.wantedly.com/projects/531708
アドバリスター株式会社,,https://www.wantedly.com/projects/318476
株式会社DATAFLUCT,,https://www.wantedly.com/projects/680726
株式会社グッドパッチ,,https://www.wantedly.com/projects/304725
株式会社ESSEOTIA,,https://www.wantedly.com/projects/2134355
株式会社パテ,,https://www.wantedly.com/projects/2045294
株式会社 アカリ,,https://www.wantedly.com/projects/224138
株式会社SAMANSA,,https://www.wantedly.com/projects/1224255
株式会社メンテル,,https://www.wantedly.com/projects/1868550
シードテック株式会社,,https://www.wantedly.com/projects/1589077
カソク株式会社,,https://www.wantedly.com/projects/2075458
株式会社ゼロイチスタート,,https://www.wantedly.com/projects/2147420
株式会社ネクストレベル,,https://www.wantedly.com/projects/432307
kickflow,,https://www.wantedly.com/projects/2029782
株式会社インフラトップ,,https://www.wantedly.com/projects/1637854
ニフジ株式会社,,https://www.wantedly.com/projects/1774939
株式会社インテリジェントフォース,,https://www.wantedly.com/projects/1798785
株式会社スカイベイビーズ,,https://www.wantedly.com/projects/740116
TieSet Inc.,,https://www.wantedly.com/projects/556344
"GO RIDE,Inc.",,https://www.wantedly.com/projects/475321
株式会社Samurai,,https://www.wantedly.com/projects/18273
O: inc.,,https://www.wantedly.com/projects/416315
BAMV合同会社,,https://www.wantedly.com/projects/100552
株式会社アイキューブ,,https://www.wantedly.com/projects/2150673
株式会社MARKELINE,,https://www.wantedly.com/projects/2150084
株式会社M2X,,https://www.wantedly.com/projects/2127678
株式会社スタディスト,,https://www.wantedly.com/projects/2078525
TECHFUND Inc.,,https://www.wantedly.com/projects/582255
株式会社TAM,,https://www.wantedly.com/projects/237014
ナウア株式会社,,https://www.wantedly.com/projects/2146555
株式会社オージャスト,,https://www.wantedly.com/projects/2068100
株式会社アップグレード,,https://www.wantedly.com/projects/2148942
株式会社VIC,,https://www.wantedly.com/projects/2046866
株式会社メイト,,https://www.wantedly.com/projects/1045995
Cynthialy株式会社,,https://www.wantedly.com/projects/1966957
株式会社スリーシェイク,,https://www.wantedly.com/projects/2116731
株式会社monoii,,https://www.wantedly.com/projects/2107406
リバース株式会社,,https://www.wantedly.com/projects/576486
株式会社テイラーワークス,,https://www.wantedly.com/projects/2125147
ON CO.LTD. / 株式会社ON,,https://www.wantedly.com/projects/144968
TDAI Lab,,https://www.wantedly.com/projects/470134
株式会社メイツ,,https://www.wantedly.com/projects/644626
株式会社Gizumo,,https://www.wantedly.com/projects/671887
株式会社フロネシス,,https://www.wantedly.com/projects/296463
ディップ株式会社,,https://www.wantedly.com/projects/516123
株式会社アンクシステムズ,,https://www.wantedly.com/projects/12295
INTLOOP株式会社,,https://www.wantedly.com/projects/498425
株式会社ユナイテッドマインドジャパン,,https://www.wantedly.com/projects/2000373
株式会社ぐーどろ,,https://www.wantedly.com/projects/1969920
"Givery,Inc.",,https://www.wantedly.com/projects/1828594
株式会社Smallit,,https://www.wantedly.com/projects/541932
株式会社コムスクエア,,https://www.wantedly.com/projects/1924986
GOODLIFE.Inc,,https://www.wantedly.com/projects/1716797
セルプロモート株式会社,,https://www.wantedly.com/projects/1703765
株式会社アスペア,,https://www.wantedly.com/projects/1864125
株式会社ネイリー,,https://www.wantedly.com/projects/1664976
株式会社blankcanvas,,https://www.wantedly.com/projects/2150804
株式会社ゴリラシステムズ,,https://www.wantedly.com/projects/1759696
株式会社Next Fortune,,https://www.wantedly.com/projects/1799572
ECU株式会社,,https://www.wantedly.com/projects/1907189
株式会社any style,,https://www.wantedly.com/projects/1610980
株式会社cococo,,https://www.wantedly.com/projects/2152785
株式会社sinka,,https://www.wantedly.com/projects/540801
株式会社Function,,https://www.wantedly.com/projects/2147318
株式会社エクスブレーン,,https://www.wantedly.com/projects/814458
株式会社ミューオン,,https://www.wantedly.com/projects/1851873
株式会社ANIMA GROUP,,https://www.wantedly.com/projects/1914979
株式会社SPIN TECHNOLOGY,,https://www.wantedly.com/projects/1465379
Repro Inc.,,https://www.wantedly.com/projects/13022
株式会社ブルード,,https://www.wantedly.com/projects/379537
（株）STORY,,https://www.wantedly.com/projects/1218381
AnotherBall,,https://www.wantedly.com/projects/2101240
株式会社ユーザベース,,https://www.wantedly.com/projects/1706908
株式会社マノア・リノ,,https://www.wantedly.com/projects/708317
株式会社Cuenext,,https://www.wantedly.com/projects/2072618
マネーペディア株式会社,,https://www.wantedly.com/projects/1443191
FUN UP INC.,,https://www.wantedly.com/projects/1620626
株式会社WiseVine,,https://www.wantedly.com/projects/1864785
株式会社Athena Technologies,,https://www.wantedly.com/projects/1763723
株式会社PR TIMES,,https://www.wantedly.com/projects/1683630
株式会社ユニメディア(テックコネクト),,https://www.wantedly.com/projects/1104259
株式会社アドシード,,https://www.wantedly.com/projects/1489713
株式会社ORPHE,,https://www.wantedly.com/projects/1116671
株式会社ジュニ,,https://www.wantedly.com/projects/478798
"Corpy & Co., Inc.",,https://www.wantedly.com/projects/533417
株式会社コンテンツワン,,https://www.wantedly.com/projects/332038
株式会社pluszero,,https://www.wantedly.com/projects/245952
株式会社Knocknote,,https://www.wantedly.com/projects/563299
PROJECT GROUP株式会社,,https://www.wantedly.com/projects/2148431
メンタルヘルスラボ株式会社,,https://www.wantedly.com/projects/1937955
株式会社EAGLE,,https://www.wantedly.com/projects/1769542
東京ロボティクス株式会社,,https://www.wantedly.com/projects/159581
株式会社NSJAPAN,,https://www.wantedly.com/projects/2148864
株式会社BRIDGEX,,https://www.wantedly.com/projects/2094696
株式会社Crew,,https://www.wantedly.com/projects/2124636
世界株式会社,,https://www.wantedly.com/projects/1184838
ジールズ株式会社,,https://www.wantedly.com/projects/7722
株式会社ライブエスト,,https://www.wantedly.com/projects/455837
株式会社KUIX,,https://www.wantedly.com/projects/1343442
株式会社トランスリアル,,https://www.wantedly.com/projects/1251011
株式会社GALLUSYS,,https://www.wantedly.com/projects/2077324
株式会社SAMPO,,https://www.wantedly.com/projects/1783959
株式会社BitStar,,https://www.wantedly.com/projects/1648351
株式会社ネクプロ,,https://www.wantedly.com/projects/645735
株式会社オリサンキュ,,https://www.wantedly.com/projects/282224
株式会社いろはにぽぺと,,https://www.wantedly.com/projects/42954
株式会社アンモナイトワークス,,https://www.wantedly.com/projects/1288562
株式会社チトセロボティクス,,https://www.wantedly.com/projects/1596749
株式会社SAMURAI,,https://www.wantedly.com/projects/2154472
アクシス株式会社,,https://www.wantedly.com/projects/1835573
株式会社Digeon,,https://www.wantedly.com/projects/1434440
株式会社ドリームオンライン,,https://www.wantedly.com/projects/433318
株式会社Eco-Pork,,https://www.wantedly.com/projects/1928124
Prox Industries株式会社,,https://www.wantedly.com/projects/2098084
株式会社デジタルハック,,https://www.wantedly.com/projects/2137201
株式会社CoLife,,https://www.wantedly.com/projects/495332
株式会社アイ・ロボティクス,,https://www.wantedly.com/projects/1089638
株式会社プレイド,,https://www.wantedly.com/projects/857138
KYLA株式会社,,https://www.wantedly.com/projects/650431
株式会社GAON,,https://www.wantedly.com/projects/2147439
デジタルギア株式会社,,https://www.wantedly.com/projects/1825370
株式会社ディーメイク,,https://www.wantedly.com/projects/684053
ReIT合同会社,,https://www.wantedly.com/projects/2156276
株式会社JV Studio,,https://www.wantedly.com/projects/2154370
株式会社スペースデータ,,https://www.wantedly.com/projects/1924484
株式会社Techouse,,https://www.wantedly.com/projects/1227736
株式会社いえらぶGROUP,,https://www.wantedly.com/projects/1023362
株式会社アライズ,,https://www.wantedly.com/projects/370353
株式会社イーディーエー,,https://www.wantedly.com/projects/1894773
株式会社データック,,https://www.wantedly.com/projects/1900371
株式会社ラスファクトリー,,https://www.wantedly.com/projects/223737
Diver-X,,https://www.wantedly.com/projects/2122122
株式会社ミラティブ,,https://www.wantedly.com/projects/2072314
株式会社Recruit Innovation,,https://www.wantedly.com/projects/1917190
株式会社ウエルストーン,,https://www.wantedly.com/projects/2123703
CLYR株式会社,,https://www.wantedly.com/projects/2110746
クリプトン・フューチャー・メディア株式会社,,https://www.wantedly.com/projects/465138
OH MY GOD株式会社,,https://www.wantedly.com/projects/1790210
AWA Co. Ltd.,,https://www.wantedly.com/projects/1213364
double jump.tokyo株式会社,,https://www.wantedly.com/projects/912206
株式会社aMi,,https://www.wantedly.com/projects/1934755
Intermind AI株式会社,,https://www.wantedly.com/projects/1981188
株式会社イベント21,,https://www.wantedly.com/projects/264313
株式会社EpicAI,,https://www.wantedly.com/projects/2120544
株式会社palan,,https://www.wantedly.com/projects/265313
LLL inc.,,https://www.wantedly.com/projects/410863
株式会社iRup,,https://www.wantedly.com/projects/600465
Nadia株式会社,,https://www.wantedly.com/projects/198936
LeapIn株式会社,,https://www.wantedly.com/projects/2103361
株式会社naut,,https://www.wantedly.com/projects/1852898
株式会社YOUPACE,,https://www.wantedly.com/projects/2070056
株式会社ヒュープロ,,https://www.wantedly.com/projects/1508726
有限会社ウィンビット,,https://www.wantedly.com/projects/56372
株式会社ストロボ,,https://www.wantedly.com/projects/648253
合同会社暗号屋,,https://www.wantedly.com/projects/507053
株式会社favy,,https://www.wantedly.com/projects/233604
株式会社つなげーと,,https://www.wantedly.com/projects/428988
"Tagbangers, Inc.",,https://www.wantedly.com/projects/83733
株式会社ログラス,,https://www.wantedly.com/projects/602960
株式会社GROW,,https://www.wantedly.com/projects/456581
株式会社Elith,,https://www.wantedly.com/projects/1988607
株式会社SLIT,,https://www.wantedly.com/projects/1912763
株式会社Fusic,,https://www.wantedly.com/projects/1985239
株式会社G・B・S,,https://www.wantedly.com/projects/271849
Evand株式会社 ICT事業部,,https://www.wantedly.com/projects/163086
株式会社BTM,,https://www.wantedly.com/projects/633001
WorX株式会社,,https://www.wantedly.com/projects/597772
ロックスタ株式会社,,https://www.wantedly.com/projects/1490666
株式会社エニセンス,,https://www.wantedly.com/projects/1940122
株式会社illmatics,,https://www.wantedly.com/projects/514033
株式会社Carecon,,https://www.wantedly.com/projects/617412
株式会社ワールドワイドウィングス,,https://www.wantedly.com/projects/542137
株式会社Surprise,,https://www.wantedly.com/projects/2137925
GMOビューティー株式会社,,https://www.wantedly.com/projects/636490
ファーストループテクノロジー株式会社,,https://www.wantedly.com/projects/525707
株式会社アルス・ウェアー,,https://www.wantedly.com/projects/566082
株式会社SEシェア,,https://www.wantedly.com/projects/1799184
株式会社 Proxima Technology,,https://www.wantedly.com/projects/1423433
DIVE IN株式会社,,https://www.wantedly.com/projects/2150678
株式会社AYUMI BIONICS,,https://www.wantedly.com/projects/1984155
株式会社Speee,,https://www.wantedly.com/projects/636605
ちゅくる株式会社,,https://www.wantedly.com/projects/392075
株式会社エムティーアイ,,https://www.wantedly.com/projects/2131203
ゴールドウェア株式会社,,https://www.wantedly.com/projects/161112
株式会社WINNERS,,https://www.wantedly.com/projects/274495
株式会社プレミアムアーツ,,https://www.wantedly.com/projects/445364
株式会社クラウドワークス,,https://www.wantedly.com/projects/580781
SEQSENSE株式会社,,https://www.wantedly.com/projects/237946
株式会社ミラスタ,,https://www.wantedly.com/projects/450942
株式会社RE9,,https://www.wantedly.com/projects/2131188
株式会社スピードリンクジャパン,,https://www.wantedly.com/projects/679289
株式会社プロフィットメイカーズ,,https://www.wantedly.com/projects/1081153
株式会社リデルタ,,https://www.wantedly.com/projects/2077986
株式会社ユルリカ,,https://www.wantedly.com/projects/1535569
株式会社オレンジキューブ,,https://www.wantedly.com/projects/756318
株式会社ＣＭａｔｒｉｘ,,https://www.wantedly.com/projects/1708183
Crico株式会社,,https://www.wantedly.com/projects/1876313
株式会社クリーク・アンド・リバー社,,https://www.wantedly.com/projects/355566
ZEROUM株式会社,,https://www.wantedly.com/projects/667801
英代株式会社,,https://www.wantedly.com/projects/2142293
"Global Walkers, Inc",,https://www.wantedly.com/projects/1896911
株式会社VITA,,https://www.wantedly.com/projects/2061290
株式会社Ridge-i,,https://www.wantedly.com/projects/518469
株式会社キャッチアップ,,https://www.wantedly.com/projects/520009
株式会社LIFE PEPPER,,https://www.wantedly.com/projects/245511
株式会社ACES,,https://www.wantedly.com/projects/415855
株式会社マネーフォワード,,https://www.wantedly.com/projects/736691
株式会社CrestLab,,https://www.wantedly.com/projects/2137767
Y&I Group株式会社,,https://www.wantedly.com/projects/480082
株式会社ブラストエッジゲームズ,,https://www.wantedly.com/projects/783217
株式会社アークネクト,,https://www.wantedly.com/projects/441068
加藤貿易株式会社,,https://www.wantedly.com/projects/1804057
株式会社クライド,,https://www.wantedly.com/projects/1679160
株式会社Bolteo,,https://www.wantedly.com/projects/2077174
株式会社Ansatz,,https://www.wantedly.com/projects/2041620
株式会社 Panta Rhei,,https://www.wantedly.com/projects/1701430
株式会社ペライチ,,https://www.wantedly.com/projects/1709392
pickupon株式会社,,https://www.wantedly.com/projects/1788947
NABLAS,,https://www.wantedly.com/projects/2154800
AMJ株式会社,,https://www.wantedly.com/projects/2114679
株式会社No.,,https://www.wantedly.com/projects/2156575
HiJoJo Partners株式会社,,https://www.wantedly.com/projects/2146617
株式会社セールスリクエスト,,https://www.wantedly.com/projects/2034724
株式会社Rebase,,https://www.wantedly.com/projects/2151736
SOELU株式会社,,https://www.wantedly.com/projects/2151740
スリーケシステム株式会社,,https://www.wantedly.com/projects/2139790
株式会社Anyglo,,https://www.wantedly.com/projects/2147108
株式会社レアジョブテクノロジーズ,,https://www.wantedly.com/projects/920667
株式会社WAS,,https://www.wantedly.com/projects/2151752
株式会社メディア工房,,https://www.wantedly.com/projects/2151755
株式会社キャシュモ,,https://www.wantedly.com/projects/2151771
合同会社OHANA,,https://www.wantedly.com/projects/2156589
株式会社リアルソフト,,https://www.wantedly.com/projects/2151779
株式会社エンジーニアス,,https://www.wantedly.com/projects/2151767
株式会社Medii,,https://www.wantedly.com/projects/2151776
株式会社ウィルグループ,,https://www.wantedly.com/projects/2090731
REOrGA株式会社,,https://www.wantedly.com/projects/2151038
株式会社高洋商会,,https://www.wantedly.com/projects/2024515
株式会社yep,,https://www.wantedly.com/projects/2151787
株式会社オーバル,,https://www.wantedly.com/projects/2152767
株式会社リザクト,,https://www.wantedly.com/projects/2156598
株式会社immedio,,https://www.wantedly.com/projects/2151799
旭中央株式会社,,https://www.wantedly.com/projects/2151795
株式会社CIN GROUP　ITソリューション部,,https://www.wantedly.com/projects/2151792
株式会社ギークハッシュ,,https://www.wantedly.com/projects/2156584
株式会社エーピーテック,,https://www.wantedly.com/projects/2135029
株式会社Beyond Cafe,,https://www.wantedly.com/projects/535352
CIRCUS株式会社,,https://www.wantedly.com/projects/2154294
株式会社バウンステクノロジー,,https://www.wantedly.com/projects/2151843
ALTURA X株式会社,,https://www.wantedly.com/projects/2151798
シェアフル株式会社,,https://www.wantedly.com/projects/2151781
Misfits株式会社,,https://www.wantedly.com/projects/2151842
テックプロジェクトサービス株式会社,,https://www.wantedly.com/projects/2151756
結デザイン　有限会社,,https://www.wantedly.com/projects/2083650
株式会社ドクターズプライム,,https://www.wantedly.com/projects/2151884
株式会社エキュメノポリス,,https://www.wantedly.com/projects/2151848
OSHIAI株式会社,,https://www.wantedly.com/projects/2151933
株式会社SALESASSET,,https://www.wantedly.com/projects/2151919
