company,contact_url,wantedly_url
株式会社LeapWell,,https://www.wantedly.com/projects/2145489
株式会社エムニ,,https://www.wantedly.com/projects/2152556
株式会社アントアント,,https://www.wantedly.com/projects/1346340
株式会社ミギナナメウエ,,https://www.wantedly.com/projects/1859570
Vision Base株式会社,,https://www.wantedly.com/projects/2140804
タビアン株式会社,,https://www.wantedly.com/projects/2149813
株式会社プロパゲート,,https://www.wantedly.com/projects/1608511
株式会社WorldHacks,,https://www.wantedly.com/projects/1590255
株式会社SaaTsu,,https://www.wantedly.com/projects/2133503
Priv Tech株式会社,,https://www.wantedly.com/projects/2019951
株式会社Anycloud,,https://www.wantedly.com/projects/2057526
ジョージアンドショーン株式会社,,https://www.wantedly.com/projects/2104091
株式会社SENRI,,https://www.wantedly.com/projects/1995364
株式会社フリックフィット,,https://www.wantedly.com/projects/1930876
株式会社ザブーン,,https://www.wantedly.com/projects/2002162
株式会社Kiei,,https://www.wantedly.com/projects/2067940
株式会社Techtical,,https://www.wantedly.com/projects/2140659
xxx株式会社,,https://www.wantedly.com/projects/2127746
株式会社GrooveDesigns,,https://www.wantedly.com/projects/2128530
株式会社ボーダレスシティ,,https://www.wantedly.com/projects/1922729
株式会社Lbose,,https://www.wantedly.com/projects/2128240
karufuka株式会社,,https://www.wantedly.com/projects/2139544
株式会社スパプラ,,https://www.wantedly.com/projects/2056794
株式会社futurelabo,,https://www.wantedly.com/projects/1890207
AnyReach株式会社,,https://www.wantedly.com/projects/2084405
GOGEN株式会社,,https://www.wantedly.com/projects/1807205
SinkCapital,,https://www.wantedly.com/projects/1120648
株式会社ミライCRM,,https://www.wantedly.com/projects/2111839
Weteam,,https://www.wantedly.com/projects/2102459
株式会社activo,,https://www.wantedly.com/projects/2058907
デザミス株式会社,,https://www.wantedly.com/projects/1473316
デザインファースト株式会社,,https://www.wantedly.com/projects/2014238
株式会社AppBrew,,https://www.wantedly.com/projects/1414520
TOP DEAD CENTER株式会社,,https://www.wantedly.com/projects/1860501
株式会社Nexceed,,https://www.wantedly.com/projects/2108454
株式会社Almondo,,https://www.wantedly.com/projects/1975141
株式会社SOCT,,https://www.wantedly.com/projects/1967870
つながりAI株式会社,,https://www.wantedly.com/projects/2104287
LUC株式会社,,https://www.wantedly.com/projects/2008971
WorldUtility株式会社,,https://www.wantedly.com/projects/2053228
株式会社 MedOps Technologies,,https://www.wantedly.com/projects/2115964
Ms.Engineer株式会社,,https://www.wantedly.com/projects/2150318
株式会社NATSLIVE Group,,https://www.wantedly.com/projects/292340
株式会社 Purpom Media Lab,,https://www.wantedly.com/projects/2116980
FAKE,,https://www.wantedly.com/projects/2085443
株式会社レターファン,,https://www.wantedly.com/projects/2054927
株式会社AIdeaLab,,https://www.wantedly.com/projects/1949524
冒険社プラコレ,,https://www.wantedly.com/projects/448255
株式会社OpenFashion,,https://www.wantedly.com/projects/562977
フロッグウェル株式会社,,https://www.wantedly.com/projects/1987407
Ｋ．Ｓ．ロジャース株式会社,,https://www.wantedly.com/projects/2142990
株式会社リ・クリエ,,https://www.wantedly.com/projects/1948022
株式会社ライトコード,,https://www.wantedly.com/projects/676522
ハチマルヤ合同会社,,https://www.wantedly.com/projects/2098600
株式会社Peds3,,https://www.wantedly.com/projects/2026665
株式会社アイビス,,https://www.wantedly.com/projects/2016462
カラビナテクノロジー株式会社,,https://www.wantedly.com/projects/549813
株式会社ソラジマ,,https://www.wantedly.com/projects/1948497
株式会社SHIFT AI,,https://www.wantedly.com/projects/2096943
大阪ヒートクール株式会社,,https://www.wantedly.com/projects/2152323
株式会社Multifverse,,https://www.wantedly.com/projects/1529488
株式会社クアリタ,,https://www.wantedly.com/projects/679206
はてなベース株式会社,,https://www.wantedly.com/projects/1763557
株式会社EQUES,,https://www.wantedly.com/projects/2145383
株式会社カドベヤ,,https://www.wantedly.com/projects/1958981
株式会社スマートドライブ,,https://www.wantedly.com/projects/533353
株式会社ゼロイチラボ,,https://www.wantedly.com/projects/1728889
日本ビジネスアート株式会社,,https://www.wantedly.com/projects/1603322
株式会社ストラテジーアンドパートナー,,https://www.wantedly.com/projects/503811
Empire State株式会社,,https://www.wantedly.com/projects/2142987
株式会社シナスタジア,,https://www.wantedly.com/projects/2140374
株式会社NewRecord,,https://www.wantedly.com/projects/2150933
forent株式会社,,https://www.wantedly.com/projects/1911547
株式会社リチェルカ,,https://www.wantedly.com/projects/2074019
BASHAKA株式会社,,https://www.wantedly.com/projects/2036447
株式会社add more,,https://www.wantedly.com/projects/349323
株式会社世良,,https://www.wantedly.com/projects/1692296
Bee2B株式会社,,https://www.wantedly.com/projects/1564569
KURO HOLDINGS株式会社,,https://www.wantedly.com/projects/1640627
クラウドット株式会社,,https://www.wantedly.com/projects/1641908
株式会社誠勝,,https://www.wantedly.com/projects/1992981
株式会社ライフスポーツ,,https://www.wantedly.com/projects/175730
株式会社　陣屋コネクト,,https://www.wantedly.com/projects/459107
株式会社Everforth,,https://www.wantedly.com/projects/79075
Ixone株式会社,,https://www.wantedly.com/projects/2105580
アドバリスター株式会社,,https://www.wantedly.com/projects/318476
株式会社pamxy,,https://www.wantedly.com/projects/531708
株式会社ALBONA,,https://www.wantedly.com/projects/2149998
株式会社DATAFLUCT,,https://www.wantedly.com/projects/680726
株式会社グッドパッチ,,https://www.wantedly.com/projects/304725
株式会社ESSEOTIA,,https://www.wantedly.com/projects/2134355
株式会社パテ,,https://www.wantedly.com/projects/2045294
株式会社 アカリ,,https://www.wantedly.com/projects/224138
株式会社SAMANSA,,https://www.wantedly.com/projects/1224255
株式会社メンテル,,https://www.wantedly.com/projects/1868550
カソク株式会社,,https://www.wantedly.com/projects/2075458
ONESTRUCTION株式会社,,https://www.wantedly.com/projects/2001046
株式会社ゼロイチスタート,,https://www.wantedly.com/projects/2147420
kickflow,,https://www.wantedly.com/projects/2029782
株式会社インフラトップ,,https://www.wantedly.com/projects/1637854
ニフジ株式会社,,https://www.wantedly.com/projects/1774939
TieSet Inc.,,https://www.wantedly.com/projects/556344
"GO RIDE,Inc.",,https://www.wantedly.com/projects/475321
O: inc.,,https://www.wantedly.com/projects/416315
株式会社Samurai,,https://www.wantedly.com/projects/18273
株式会社TAM,,https://www.wantedly.com/projects/237014
TECHFUND Inc.,,https://www.wantedly.com/projects/582255
株式会社アップグレード,,https://www.wantedly.com/projects/2148942
株式会社monoii,,https://www.wantedly.com/projects/2107406
リバース株式会社,,https://www.wantedly.com/projects/576486
株式会社メディアファースト,,https://www.wantedly.com/projects/1391537
株式会社Gizumo,,https://www.wantedly.com/projects/671887
TDAI Lab,,https://www.wantedly.com/projects/470134
株式会社フロネシス,,https://www.wantedly.com/projects/296463
ディップ株式会社,,https://www.wantedly.com/projects/516123
INTLOOP株式会社,,https://www.wantedly.com/projects/498425
株式会社ぐーどろ,,https://www.wantedly.com/projects/1969920
株式会社ユナイテッドマインドジャパン,,https://www.wantedly.com/projects/2000373
GOODLIFE.Inc,,https://www.wantedly.com/projects/1716797
株式会社any style,,https://www.wantedly.com/projects/1610980
株式会社フォワード,,https://www.wantedly.com/projects/1690995
株式会社ANIMA GROUP,,https://www.wantedly.com/projects/1914979
株式会社SPIN TECHNOLOGY,,https://www.wantedly.com/projects/1465379
株式会社ブルード,,https://www.wantedly.com/projects/379537
Repro Inc.,,https://www.wantedly.com/projects/13022
（株）STORY,,https://www.wantedly.com/projects/1218381
株式会社Yotsunagi,,https://www.wantedly.com/projects/1434928
マネーペディア株式会社,,https://www.wantedly.com/projects/1443191
ON CO.LTD. / 株式会社ON,,https://www.wantedly.com/projects/152278
株式会社pluszero,,https://www.wantedly.com/projects/245952
株式会社ジュニ,,https://www.wantedly.com/projects/478798
株式会社Knocknote,,https://www.wantedly.com/projects/563299
株式会社ORPHE,,https://www.wantedly.com/projects/304111
"Corpy & Co., Inc.",,https://www.wantedly.com/projects/533417
株式会社EAGLE,,https://www.wantedly.com/projects/1769542
株式会社Tours,,https://www.wantedly.com/projects/1857952
東京ロボティクス株式会社,,https://www.wantedly.com/projects/159581
株式会社Athena Technologies,,https://www.wantedly.com/projects/1897358
ジールズ株式会社,,https://www.wantedly.com/projects/7722
株式会社ライブエスト,,https://www.wantedly.com/projects/455837
株式会社トランスリアル,,https://www.wantedly.com/projects/1251011
株式会社KUIX,,https://www.wantedly.com/projects/1343442
株式会社SAMPO,,https://www.wantedly.com/projects/1783959
株式会社オリサンキュ,,https://www.wantedly.com/projects/282224
株式会社ネクプロ,,https://www.wantedly.com/projects/645735
株式会社いろはにぽぺと,,https://www.wantedly.com/projects/42954
株式会社SAMURAI,,https://www.wantedly.com/projects/2154472
株式会社ドリームオンライン,,https://www.wantedly.com/projects/433318
株式会社Eco-Pork,,https://www.wantedly.com/projects/1928124
株式会社CoLife,,https://www.wantedly.com/projects/495332
KYLA株式会社,,https://www.wantedly.com/projects/650431
デジタルギア株式会社,,https://www.wantedly.com/projects/1825370
ReIT合同会社,,https://www.wantedly.com/projects/2156276
株式会社スペースデータ,,https://www.wantedly.com/projects/1924484
株式会社ラスファクトリー,,https://www.wantedly.com/projects/223737
Diver-X,,https://www.wantedly.com/projects/2122122
株式会社イベント21,,https://www.wantedly.com/projects/264313
株式会社palan,,https://www.wantedly.com/projects/265313
LLL inc.,,https://www.wantedly.com/projects/410863
株式会社ログラス,,https://www.wantedly.com/projects/602960
合同会社暗号屋,,https://www.wantedly.com/projects/507053
株式会社BitStar,,https://www.wantedly.com/projects/502740
株式会社 カニカピラ,,https://www.wantedly.com/projects/657993
有限会社ウィンビット,,https://www.wantedly.com/projects/56372
株式会社つなげーと,,https://www.wantedly.com/projects/428988
株式会社ストロボ,,https://www.wantedly.com/projects/648253
株式会社GROW,,https://www.wantedly.com/projects/456581
WorX株式会社,,https://www.wantedly.com/projects/597772
株式会社BTM,,https://www.wantedly.com/projects/633001
Evand株式会社 ICT事業部,,https://www.wantedly.com/projects/163086
株式会社G・B・S,,https://www.wantedly.com/projects/271849
株式会社アンモナイトワークス,,https://www.wantedly.com/projects/1288556
株式会社ワールドワイドウィングス,,https://www.wantedly.com/projects/542137
株式会社Carecon,,https://www.wantedly.com/projects/617412
ファーストループテクノロジー株式会社,,https://www.wantedly.com/projects/525707
株式会社アルス・ウェアー,,https://www.wantedly.com/projects/566082
株式会社AYUMI BIONICS,,https://www.wantedly.com/projects/1984155
株式会社Speee,,https://www.wantedly.com/projects/636605
ちゅくる株式会社,,https://www.wantedly.com/projects/392075
株式会社WINNERS,,https://www.wantedly.com/projects/274495
SEQSENSE株式会社,,https://www.wantedly.com/projects/237946
株式会社プレミアムアーツ,,https://www.wantedly.com/projects/445364
株式会社プロフィットメイカーズ,,https://www.wantedly.com/projects/1081153
株式会社クリーク・アンド・リバー社,,https://www.wantedly.com/projects/355566
株式会社マノア・リノ,,https://www.wantedly.com/projects/550149
株式会社アークネクト,,https://www.wantedly.com/projects/441068
株式会社クライド,,https://www.wantedly.com/projects/1679160
LIDDELL株式会社,,https://www.wantedly.com/projects/1964989
株式会社デジタルハック,,https://www.wantedly.com/projects/2018338
GROOVE X株式会社,,https://www.wantedly.com/projects/1539650
トラベルブック株式会社,,https://www.wantedly.com/projects/600232
株式会社ブラストエッジゲームズ,,https://www.wantedly.com/projects/789676
株式会社メイツ,,https://www.wantedly.com/projects/645404
サクラス株式会社,,https://www.wantedly.com/projects/1732396
アイリア株式会社,,https://www.wantedly.com/projects/921618
株式会社スカイベイビーズ,,https://www.wantedly.com/projects/593654
株式会社ACES,,https://www.wantedly.com/projects/552540
日本潜水機株式会社,,https://www.wantedly.com/projects/680188
株式会社アンクシステムズ,,https://www.wantedly.com/projects/19372
株式会社Her's,,https://www.wantedly.com/projects/655863
株式会社NSグループ,,https://www.wantedly.com/projects/661386
株式会社デジタル・デザイナーズ・スタジオ,,https://www.wantedly.com/projects/204192
株式会社Grid Solutions,,https://www.wantedly.com/projects/423336
JOKER'S株式会社,,https://www.wantedly.com/projects/1808833
コンセンサス・ベイス株式会社,,https://www.wantedly.com/projects/1648054
Spirete株式会社,,https://www.wantedly.com/projects/1105356
株式会社BLUEISH,,https://www.wantedly.com/projects/2101611
ソフネットジャパン株式会社,,https://www.wantedly.com/projects/300208
toraco株式会社,,https://www.wantedly.com/projects/1977245
有限会社 信州ファーム荻原,,https://www.wantedly.com/projects/1579450
グローシップ・パートナーズ株式会社,,https://www.wantedly.com/projects/1946279
平安伸銅工業株式会社,,https://www.wantedly.com/projects/1870007
タビアン株式会社,,https://www.wantedly.com/projects/2069306
株式会社Lbose,,https://www.wantedly.com/projects/2139685
株式会社WorldHacks,,https://www.wantedly.com/projects/1501235
株式会社エムニ,,https://www.wantedly.com/projects/1884273
株式会社アントアント,,https://www.wantedly.com/projects/2134054
株式会社SENRI,,https://www.wantedly.com/projects/1244398
karufuka株式会社,,https://www.wantedly.com/projects/2098332
SinkCapital,,https://www.wantedly.com/projects/1984592
株式会社ミギナナメウエ,,https://www.wantedly.com/projects/2027393
株式会社LeapWell,,https://www.wantedly.com/projects/2129787
株式会社レターファン,,https://www.wantedly.com/projects/1996372
Ｋ．Ｓ．ロジャース株式会社,,https://www.wantedly.com/projects/2009915
FAKE,,https://www.wantedly.com/projects/2143239
株式会社ボーダレスシティ,,https://www.wantedly.com/projects/109215
Ms.Engineer株式会社,,https://www.wantedly.com/projects/2096213
株式会社Kiei,,https://www.wantedly.com/projects/1999457
ジョージアンドショーン株式会社,,https://www.wantedly.com/projects/2077425
株式会社ソラジマ,,https://www.wantedly.com/projects/1948482
株式会社カドベヤ,,https://www.wantedly.com/projects/1540035
株式会社SHIFT AI,,https://www.wantedly.com/projects/2142453
株式会社Peds3,,https://www.wantedly.com/projects/2075754
株式会社Multifverse,,https://www.wantedly.com/projects/1526683
株式会社activo,,https://www.wantedly.com/projects/1935465
株式会社ライフスポーツ,,https://www.wantedly.com/projects/348398
カラビナテクノロジー株式会社,,https://www.wantedly.com/projects/1266672
Ixone株式会社,,https://www.wantedly.com/projects/2094802
株式会社EQUES,,https://www.wantedly.com/projects/2004238
株式会社スパプラ,,https://www.wantedly.com/projects/2055190
Priv Tech株式会社,,https://www.wantedly.com/projects/2028052
株式会社Everforth,,https://www.wantedly.com/projects/76377
株式会社AppBrew,,https://www.wantedly.com/projects/528027
株式会社ゼロイチスタート,,https://www.wantedly.com/projects/2147422
Bee2B株式会社,,https://www.wantedly.com/projects/1492084
はてなベース株式会社,,https://www.wantedly.com/projects/2011107
株式会社リ・クリエ,,https://www.wantedly.com/projects/1997403
クラウドット株式会社,,https://www.wantedly.com/projects/1641965
株式会社ゼロイチラボ,,https://www.wantedly.com/projects/1710309
株式会社SAMANSA,,https://www.wantedly.com/projects/1236035
株式会社Gizumo,,https://www.wantedly.com/projects/355777
株式会社DATAFLUCT,,https://www.wantedly.com/projects/1550264
ハチマルヤ合同会社,,https://www.wantedly.com/projects/2134895
株式会社世良,,https://www.wantedly.com/projects/1692079
GOODLIFE.Inc,,https://www.wantedly.com/projects/1712827
株式会社 アカリ,,https://www.wantedly.com/projects/213663
INTLOOP株式会社,,https://www.wantedly.com/projects/413924
デザミス株式会社,,https://www.wantedly.com/projects/1463300
株式会社アップグレード,,https://www.wantedly.com/projects/1755268
株式会社メンテル,,https://www.wantedly.com/projects/1774156
株式会社Knocknote,,https://www.wantedly.com/projects/584082
アドバリスター株式会社,,https://www.wantedly.com/projects/313776
日本ビジネスアート株式会社,,https://www.wantedly.com/projects/519839
株式会社フリックフィット,,https://www.wantedly.com/projects/1687513
BASHAKA株式会社,,https://www.wantedly.com/projects/1870676
Weteam,,https://www.wantedly.com/projects/1750587
リバース株式会社,,https://www.wantedly.com/projects/571057
ディップ株式会社,,https://www.wantedly.com/projects/429074
株式会社pluszero,,https://www.wantedly.com/projects/581207
株式会社Almondo,,https://www.wantedly.com/projects/1858741
株式会社シナスタジア,,https://www.wantedly.com/projects/2108879
株式会社Tours,,https://www.wantedly.com/projects/1514018
株式会社グッドパッチ,,https://www.wantedly.com/projects/412737
冒険社プラコレ,,https://www.wantedly.com/projects/594985
株式会社アイビス,,https://www.wantedly.com/projects/2013643
株式会社SAMURAI,,https://www.wantedly.com/projects/2129832
TECHFUND Inc.,,https://www.wantedly.com/projects/644458
株式会社ネクプロ,,https://www.wantedly.com/projects/634080
株式会社ドリームオンライン,,https://www.wantedly.com/projects/433308
KYLA株式会社,,https://www.wantedly.com/projects/588616
株式会社TAM,,https://www.wantedly.com/projects/243392
株式会社palan,,https://www.wantedly.com/projects/241812
株式会社Samurai,,https://www.wantedly.com/projects/18276
株式会社いろはにぽぺと,,https://www.wantedly.com/projects/160357
株式会社SPIN TECHNOLOGY,,https://www.wantedly.com/projects/1967060
株式会社ライブエスト,,https://www.wantedly.com/projects/572660
株式会社CoLife,,https://www.wantedly.com/projects/49585
株式会社ジュニ,,https://www.wantedly.com/projects/478802
株式会社ストラテジーアンドパートナー,,https://www.wantedly.com/projects/554545
デジタルギア株式会社,,https://www.wantedly.com/projects/1889702
株式会社ANIMA GROUP,,https://www.wantedly.com/projects/1914977
東京ロボティクス株式会社,,https://www.wantedly.com/projects/75794
マネーペディア株式会社,,https://www.wantedly.com/projects/1499804
株式会社monoii,,https://www.wantedly.com/projects/1986627
株式会社フォワード,,https://www.wantedly.com/projects/1319144
株式会社プレミアムアーツ,,https://www.wantedly.com/projects/592905
Evand株式会社 ICT事業部,,https://www.wantedly.com/projects/448445
ちゅくる株式会社,,https://www.wantedly.com/projects/395943
株式会社アンモナイトワークス,,https://www.wantedly.com/projects/1475121
株式会社GROW,,https://www.wantedly.com/projects/596093
有限会社ウィンビット,,https://www.wantedly.com/projects/24421
株式会社 Purpom Media Lab,,https://www.wantedly.com/projects/2037127
株式会社Athena Technologies,,https://www.wantedly.com/projects/1897360
株式会社クリーク・アンド・リバー社,,https://www.wantedly.com/projects/519393
株式会社Carecon,,https://www.wantedly.com/projects/549625
株式会社ミライCRM,,https://www.wantedly.com/projects/2111836
株式会社ワールドワイドウィングス,,https://www.wantedly.com/projects/559274
株式会社マノア・リノ,,https://www.wantedly.com/projects/626367
O: inc.,,https://www.wantedly.com/projects/542233
株式会社any style,,https://www.wantedly.com/projects/1599199
株式会社アークネクト,,https://www.wantedly.com/projects/400371
株式会社スペースデータ,,https://www.wantedly.com/projects/2077486
GROOVE X株式会社,,https://www.wantedly.com/projects/493127
フロッグウェル株式会社,,https://www.wantedly.com/projects/1963876
株式会社KUIX,,https://www.wantedly.com/projects/1290490
株式会社ラスファクトリー,,https://www.wantedly.com/projects/171670
株式会社イベント21,,https://www.wantedly.com/projects/228411
株式会社Grid Solutions,,https://www.wantedly.com/projects/308517
SEQSENSE株式会社,,https://www.wantedly.com/projects/263685
JOKER'S株式会社,,https://www.wantedly.com/projects/1743036
Spirete株式会社,,https://www.wantedly.com/projects/1857334
日本潜水機株式会社,,https://www.wantedly.com/projects/564904
株式会社ESSEOTIA,,https://www.wantedly.com/projects/2134294
Diver-X,,https://www.wantedly.com/projects/2122123
タビアン株式会社,,https://www.wantedly.com/projects/2143391
karufuka株式会社,,https://www.wantedly.com/projects/2132753
Ｋ．Ｓ．ロジャース株式会社,,https://www.wantedly.com/projects/2048444
株式会社ミギナナメウエ,,https://www.wantedly.com/projects/1955305
FAKE,,https://www.wantedly.com/projects/2135626
株式会社LeapWell,,https://www.wantedly.com/projects/2148294
株式会社WorldHacks,,https://www.wantedly.com/projects/1532395
Ms.Engineer株式会社,,https://www.wantedly.com/projects/2142886
株式会社Kiei,,https://www.wantedly.com/projects/1791213
株式会社レターファン,,https://www.wantedly.com/projects/1928098
株式会社Lbose,,https://www.wantedly.com/projects/2083675
株式会社Peds3,,https://www.wantedly.com/projects/2092631
ジョージアンドショーン株式会社,,https://www.wantedly.com/projects/1966965
Ixone株式会社,,https://www.wantedly.com/projects/1981549
株式会社エムニ,,https://www.wantedly.com/projects/1955026
株式会社ゼロイチスタート,,https://www.wantedly.com/projects/2137898
SinkCapital,,https://www.wantedly.com/projects/1643708
株式会社Everforth,,https://www.wantedly.com/projects/339180
株式会社EQUES,,https://www.wantedly.com/projects/1869592
株式会社カドベヤ,,https://www.wantedly.com/projects/1200620
株式会社SAMANSA,,https://www.wantedly.com/projects/1115933
株式会社ゼロイチラボ,,https://www.wantedly.com/projects/1701368
デザミス株式会社,,https://www.wantedly.com/projects/1492984
Bee2B株式会社,,https://www.wantedly.com/projects/1716918
クラウドット株式会社,,https://www.wantedly.com/projects/1645704
株式会社世良,,https://www.wantedly.com/projects/1903139
株式会社リ・クリエ,,https://www.wantedly.com/projects/1980104
株式会社DATAFLUCT,,https://www.wantedly.com/projects/1550268
株式会社アントアント,,https://www.wantedly.com/projects/1366416
カラビナテクノロジー株式会社,,https://www.wantedly.com/projects/58584
株式会社Gizumo,,https://www.wantedly.com/projects/587645
GOODLIFE.Inc,,https://www.wantedly.com/projects/1717670
株式会社フリックフィット,,https://www.wantedly.com/projects/1930886
日本ビジネスアート株式会社,,https://www.wantedly.com/projects/213706
株式会社アップグレード,,https://www.wantedly.com/projects/2153969
株式会社 アカリ,,https://www.wantedly.com/projects/238133
リバース株式会社,,https://www.wantedly.com/projects/536546
株式会社Knocknote,,https://www.wantedly.com/projects/181170
ディップ株式会社,,https://www.wantedly.com/projects/515319
Priv Tech株式会社,,https://www.wantedly.com/projects/1957027
株式会社メンテル,,https://www.wantedly.com/projects/1651713
株式会社アイビス,,https://www.wantedly.com/projects/2007081
株式会社AppBrew,,https://www.wantedly.com/projects/293071
株式会社Samurai,,https://www.wantedly.com/projects/156440
株式会社ネクプロ,,https://www.wantedly.com/projects/661819
株式会社palan,,https://www.wantedly.com/projects/550853
株式会社ライフスポーツ,,https://www.wantedly.com/projects/240167
KYLA株式会社,,https://www.wantedly.com/projects/619017
株式会社ライブエスト,,https://www.wantedly.com/projects/588421
株式会社ドリームオンライン,,https://www.wantedly.com/projects/414309
株式会社Multifverse,,https://www.wantedly.com/projects/1538407
INTLOOP株式会社,,https://www.wantedly.com/projects/519797
ハチマルヤ合同会社,,https://www.wantedly.com/projects/2152901
東京ロボティクス株式会社,,https://www.wantedly.com/projects/159667
株式会社いろはにぽぺと,,https://www.wantedly.com/projects/105741
株式会社TAM,,https://www.wantedly.com/projects/259876
TECHFUND Inc.,,https://www.wantedly.com/projects/225974
ちゅくる株式会社,,https://www.wantedly.com/projects/383718
株式会社プレミアムアーツ,,https://www.wantedly.com/projects/99971
株式会社フォワード,,https://www.wantedly.com/projects/1365631
株式会社SHIFT AI,,https://www.wantedly.com/projects/2124239
株式会社SPIN TECHNOLOGY,,https://www.wantedly.com/projects/1832017
株式会社SAMURAI,,https://www.wantedly.com/projects/2131193
株式会社Almondo,,https://www.wantedly.com/projects/1910668
株式会社ミライCRM,,https://www.wantedly.com/projects/2107080
株式会社 Purpom Media Lab,,https://www.wantedly.com/projects/2092265
株式会社クリーク・アンド・リバー社,,https://www.wantedly.com/projects/70063
株式会社スペースデータ,,https://www.wantedly.com/projects/2060914
株式会社Tours,,https://www.wantedly.com/projects/1478723
マネーペディア株式会社,,https://www.wantedly.com/projects/1510840
株式会社シナスタジア,,https://www.wantedly.com/projects/1717791
株式会社monoii,,https://www.wantedly.com/projects/2103135
株式会社KUIX,,https://www.wantedly.com/projects/1349321
株式会社GROW,,https://www.wantedly.com/projects/614910
株式会社イベント21,,https://www.wantedly.com/projects/222302
デジタルギア株式会社,,https://www.wantedly.com/projects/1679505
日本潜水機株式会社,,https://www.wantedly.com/projects/661647
Spirete株式会社,,https://www.wantedly.com/projects/1857392
タビアン株式会社,,https://www.wantedly.com/projects/1397579
karufuka株式会社,,https://www.wantedly.com/projects/2089200
Ｋ．Ｓ．ロジャース株式会社,,https://www.wantedly.com/projects/2006036
株式会社ミギナナメウエ,,https://www.wantedly.com/projects/2014146
ジョージアンドショーン株式会社,,https://www.wantedly.com/projects/2104102
株式会社LeapWell,,https://www.wantedly.com/projects/2154233
株式会社エムニ,,https://www.wantedly.com/projects/2078977
株式会社Peds3,,https://www.wantedly.com/projects/2058686
株式会社Lbose,,https://www.wantedly.com/projects/2112657
FAKE,,https://www.wantedly.com/projects/2143225
株式会社WorldHacks,,https://www.wantedly.com/projects/1508647
株式会社ゼロイチスタート,,https://www.wantedly.com/projects/2122315
株式会社ゼロイチラボ,,https://www.wantedly.com/projects/1702961
株式会社カドベヤ,,https://www.wantedly.com/projects/1402937
株式会社Everforth,,https://www.wantedly.com/projects/74947
株式会社世良,,https://www.wantedly.com/projects/1817906
株式会社Kiei,,https://www.wantedly.com/projects/1738548
カラビナテクノロジー株式会社,,https://www.wantedly.com/projects/108576
株式会社Gizumo,,https://www.wantedly.com/projects/648351
株式会社レターファン,,https://www.wantedly.com/projects/1944711
株式会社SAMANSA,,https://www.wantedly.com/projects/1250125
株式会社アップグレード,,https://www.wantedly.com/projects/2155856
日本ビジネスアート株式会社,,https://www.wantedly.com/projects/523312
リバース株式会社,,https://www.wantedly.com/projects/273187
Ms.Engineer株式会社,,https://www.wantedly.com/projects/1826459
株式会社DATAFLUCT,,https://www.wantedly.com/projects/1550265
株式会社 アカリ,,https://www.wantedly.com/projects/626672
株式会社ライフスポーツ,,https://www.wantedly.com/projects/289891
株式会社アイビス,,https://www.wantedly.com/projects/2011606
株式会社メンテル,,https://www.wantedly.com/projects/1554049
INTLOOP株式会社,,https://www.wantedly.com/projects/467922
株式会社ライブエスト,,https://www.wantedly.com/projects/462571
KYLA株式会社,,https://www.wantedly.com/projects/642184
ディップ株式会社,,https://www.wantedly.com/projects/524756
株式会社アントアント,,https://www.wantedly.com/projects/1581062
株式会社Samurai,,https://www.wantedly.com/projects/18268
GOODLIFE.Inc,,https://www.wantedly.com/projects/1698538
ちゅくる株式会社,,https://www.wantedly.com/projects/375494
株式会社いろはにぽぺと,,https://www.wantedly.com/projects/105788
株式会社EQUES,,https://www.wantedly.com/projects/2056541
Bee2B株式会社,,https://www.wantedly.com/projects/1646155
Priv Tech株式会社,,https://www.wantedly.com/projects/584000
株式会社Multifverse,,https://www.wantedly.com/projects/1538308
株式会社クリーク・アンド・リバー社,,https://www.wantedly.com/projects/531903
株式会社SPIN TECHNOLOGY,,https://www.wantedly.com/projects/1499009
株式会社フォワード,,https://www.wantedly.com/projects/1761340
ハチマルヤ合同会社,,https://www.wantedly.com/projects/2088532
株式会社 Purpom Media Lab,,https://www.wantedly.com/projects/2039235
株式会社シナスタジア,,https://www.wantedly.com/projects/2083048
株式会社スペースデータ,,https://www.wantedly.com/projects/1830026
株式会社monoii,,https://www.wantedly.com/projects/2053600
TECHFUND Inc.,,https://www.wantedly.com/projects/459088
東京ロボティクス株式会社,,https://www.wantedly.com/projects/164161
クラウドット株式会社,,https://www.wantedly.com/projects/1294358
株式会社プレミアムアーツ,,https://www.wantedly.com/projects/415572
株式会社リ・クリエ,,https://www.wantedly.com/projects/1964119
株式会社KUIX,,https://www.wantedly.com/projects/1361487
株式会社ドリームオンライン,,https://www.wantedly.com/projects/186630
株式会社SHIFT AI,,https://www.wantedly.com/projects/2124220
デジタルギア株式会社,,https://www.wantedly.com/projects/1803379
日本潜水機株式会社,,https://www.wantedly.com/projects/633758
株式会社GROW,,https://www.wantedly.com/projects/642158
タビアン株式会社,,https://www.wantedly.com/projects/1319283
Ｋ．Ｓ．ロジャース株式会社,,https://www.wantedly.com/projects/2075534
ジョージアンドショーン株式会社,,https://www.wantedly.com/projects/1804784
株式会社Peds3,,https://www.wantedly.com/projects/2107521
FAKE,,https://www.wantedly.com/projects/2028834
株式会社LeapWell,,https://www.wantedly.com/projects/2122224
株式会社Lbose,,https://www.wantedly.com/projects/2083681
株式会社ゼロイチスタート,,https://www.wantedly.com/projects/2119564
karufuka株式会社,,https://www.wantedly.com/projects/2152354
株式会社カドベヤ,,https://www.wantedly.com/projects/1450622
株式会社ゼロイチラボ,,https://www.wantedly.com/projects/1823603
株式会社エムニ,,https://www.wantedly.com/projects/1781912
株式会社Gizumo,,https://www.wantedly.com/projects/600210
株式会社Everforth,,https://www.wantedly.com/projects/75138
リバース株式会社,,https://www.wantedly.com/projects/565568
日本ビジネスアート株式会社,,https://www.wantedly.com/projects/465025
株式会社ライフスポーツ,,https://www.wantedly.com/projects/289879
株式会社レターファン,,https://www.wantedly.com/projects/1763021
KYLA株式会社,,https://www.wantedly.com/projects/643932
株式会社DATAFLUCT,,https://www.wantedly.com/projects/1550257
株式会社ミギナナメウエ,,https://www.wantedly.com/projects/1775360
株式会社メンテル,,https://www.wantedly.com/projects/1791078
株式会社アントアント,,https://www.wantedly.com/projects/1384362
ちゅくる株式会社,,https://www.wantedly.com/projects/474989
株式会社Samurai,,https://www.wantedly.com/projects/84683
株式会社 アカリ,,https://www.wantedly.com/projects/336693
株式会社ライブエスト,,https://www.wantedly.com/projects/565742
株式会社世良,,https://www.wantedly.com/projects/1903135
株式会社アップグレード,,https://www.wantedly.com/projects/2144227
Bee2B株式会社,,https://www.wantedly.com/projects/1586388
Priv Tech株式会社,,https://www.wantedly.com/projects/1982895
株式会社SPIN TECHNOLOGY,,https://www.wantedly.com/projects/1708566
株式会社アイビス,,https://www.wantedly.com/projects/2002530
GOODLIFE.Inc,,https://www.wantedly.com/projects/1906805
株式会社いろはにぽぺと,,https://www.wantedly.com/projects/174744
株式会社Multifverse,,https://www.wantedly.com/projects/1527342
株式会社クリーク・アンド・リバー社,,https://www.wantedly.com/projects/428312
ハチマルヤ合同会社,,https://www.wantedly.com/projects/2038789
株式会社プレミアムアーツ,,https://www.wantedly.com/projects/646455
TECHFUND Inc.,,https://www.wantedly.com/projects/644454
株式会社 Purpom Media Lab,,https://www.wantedly.com/projects/2050242
株式会社EQUES,,https://www.wantedly.com/projects/1757218
東京ロボティクス株式会社,,https://www.wantedly.com/projects/92627
株式会社シナスタジア,,https://www.wantedly.com/projects/2086879
ディップ株式会社,,https://www.wantedly.com/projects/419434
株式会社KUIX,,https://www.wantedly.com/projects/1349267
株式会社monoii,,https://www.wantedly.com/projects/2046069
デジタルギア株式会社,,https://www.wantedly.com/projects/1832576
株式会社GROW,,https://www.wantedly.com/projects/624443
株式会社スペースデータ,,https://www.wantedly.com/projects/2113803
Ｋ．Ｓ．ロジャース株式会社,,https://www.wantedly.com/projects/206980
タビアン株式会社,,https://www.wantedly.com/projects/2076804
株式会社Peds3,,https://www.wantedly.com/projects/2107534
株式会社LeapWell,,https://www.wantedly.com/projects/2139878
ジョージアンドショーン株式会社,,https://www.wantedly.com/projects/1898806
FAKE,,https://www.wantedly.com/projects/1840325
株式会社ゼロイチラボ,,https://www.wantedly.com/projects/1843483
株式会社Lbose,,https://www.wantedly.com/projects/2128231
株式会社エムニ,,https://www.wantedly.com/projects/2139596
株式会社ゼロイチスタート,,https://www.wantedly.com/projects/1869996
株式会社Gizumo,,https://www.wantedly.com/projects/342683
リバース株式会社,,https://www.wantedly.com/projects/549345
株式会社Everforth,,https://www.wantedly.com/projects/72596
株式会社レターファン,,https://www.wantedly.com/projects/1912543
株式会社メンテル,,https://www.wantedly.com/projects/1780628
ちゅくる株式会社,,https://www.wantedly.com/projects/376971
株式会社DATAFLUCT,,https://www.wantedly.com/projects/1550267
株式会社ライブエスト,,https://www.wantedly.com/projects/458460
日本ビジネスアート株式会社,,https://www.wantedly.com/projects/518263
株式会社アントアント,,https://www.wantedly.com/projects/1430781
株式会社世良,,https://www.wantedly.com/projects/1811494
GOODLIFE.Inc,,https://www.wantedly.com/projects/1705604
株式会社アイビス,,https://www.wantedly.com/projects/1983784
株式会社Samurai,,https://www.wantedly.com/projects/91101
Bee2B株式会社,,https://www.wantedly.com/projects/1550830
株式会社いろはにぽぺと,,https://www.wantedly.com/projects/105775
株式会社ライフスポーツ,,https://www.wantedly.com/projects/110713
株式会社 アカリ,,https://www.wantedly.com/projects/285598
Priv Tech株式会社,,https://www.wantedly.com/projects/1823236
株式会社クリーク・アンド・リバー社,,https://www.wantedly.com/projects/895940
株式会社アップグレード,,https://www.wantedly.com/projects/2127085
株式会社プレミアムアーツ,,https://www.wantedly.com/projects/396070
株式会社SPIN TECHNOLOGY,,https://www.wantedly.com/projects/1533801
株式会社 Purpom Media Lab,,https://www.wantedly.com/projects/2108044
株式会社EQUES,,https://www.wantedly.com/projects/1848760
株式会社シナスタジア,,https://www.wantedly.com/projects/2023414
ハチマルヤ合同会社,,https://www.wantedly.com/projects/2094766
株式会社KUIX,,https://www.wantedly.com/projects/1343435
デジタルギア株式会社,,https://www.wantedly.com/projects/1670840
ディップ株式会社,,https://www.wantedly.com/projects/519319
株式会社スペースデータ,,https://www.wantedly.com/projects/2113854
株式会社GROW,,https://www.wantedly.com/projects/636821
株式会社Multifverse,,https://www.wantedly.com/projects/1595260
Ｋ．Ｓ．ロジャース株式会社,,https://www.wantedly.com/projects/2131276
タビアン株式会社,,https://www.wantedly.com/projects/2118237
株式会社Peds3,,https://www.wantedly.com/projects/2084844
株式会社ゼロイチラボ,,https://www.wantedly.com/projects/1710320
FAKE,,https://www.wantedly.com/projects/611105
株式会社Gizumo,,https://www.wantedly.com/projects/280344
リバース株式会社,,https://www.wantedly.com/projects/544953
株式会社ゼロイチスタート,,https://www.wantedly.com/projects/2122305
ちゅくる株式会社,,https://www.wantedly.com/projects/377516
株式会社Lbose,,https://www.wantedly.com/projects/2098220
株式会社レターファン,,https://www.wantedly.com/projects/1783652
株式会社ライブエスト,,https://www.wantedly.com/projects/584579
日本ビジネスアート株式会社,,https://www.wantedly.com/projects/517215
株式会社アントアント,,https://www.wantedly.com/projects/2110074
株式会社世良,,https://www.wantedly.com/projects/1923539
Bee2B株式会社,,https://www.wantedly.com/projects/1686468
株式会社いろはにぽぺと,,https://www.wantedly.com/projects/171225
株式会社Samurai,,https://www.wantedly.com/projects/86419
GOODLIFE.Inc,,https://www.wantedly.com/projects/1698540
株式会社 アカリ,,https://www.wantedly.com/projects/292955
株式会社Everforth,,https://www.wantedly.com/projects/74946
Priv Tech株式会社,,https://www.wantedly.com/projects/2152334
株式会社プレミアムアーツ,,https://www.wantedly.com/projects/186816
株式会社アイビス,,https://www.wantedly.com/projects/2006745
株式会社アップグレード,,https://www.wantedly.com/projects/2007998
株式会社 Purpom Media Lab,,https://www.wantedly.com/projects/2100838
株式会社SPIN TECHNOLOGY,,https://www.wantedly.com/projects/1976276
株式会社シナスタジア,,https://www.wantedly.com/projects/2103652
ハチマルヤ合同会社,,https://www.wantedly.com/projects/1995129
株式会社KUIX,,https://www.wantedly.com/projects/1343463
株式会社EQUES,,https://www.wantedly.com/projects/1787340
デジタルギア株式会社,,https://www.wantedly.com/projects/1865035
株式会社LeapWell,,https://www.wantedly.com/projects/2135862
Ｋ．Ｓ．ロジャース株式会社,,https://www.wantedly.com/projects/1890349
タビアン株式会社,,https://www.wantedly.com/projects/1047267
株式会社ゼロイチラボ,,https://www.wantedly.com/projects/1709589
株式会社Peds3,,https://www.wantedly.com/projects/2154129
FAKE,,https://www.wantedly.com/projects/2119665
リバース株式会社,,https://www.wantedly.com/projects/671947
株式会社ゼロイチスタート,,https://www.wantedly.com/projects/2144442
株式会社Lbose,,https://www.wantedly.com/projects/2112647
日本ビジネスアート株式会社,,https://www.wantedly.com/projects/517180
株式会社レターファン,,https://www.wantedly.com/projects/1959248
株式会社アントアント,,https://www.wantedly.com/projects/1966175
ちゅくる株式会社,,https://www.wantedly.com/projects/380334
株式会社いろはにぽぺと,,https://www.wantedly.com/projects/106826
Bee2B株式会社,,https://www.wantedly.com/projects/1715970
株式会社Samurai,,https://www.wantedly.com/projects/35984
株式会社Gizumo,,https://www.wantedly.com/projects/623508
株式会社プレミアムアーツ,,https://www.wantedly.com/projects/282842
Priv Tech株式会社,,https://www.wantedly.com/projects/1918117
株式会社アイビス,,https://www.wantedly.com/projects/1991249
株式会社SPIN TECHNOLOGY,,https://www.wantedly.com/projects/1977227
株式会社世良,,https://www.wantedly.com/projects/1903141
株式会社 Purpom Media Lab,,https://www.wantedly.com/projects/2084833
株式会社シナスタジア,,https://www.wantedly.com/projects/2040474
デジタルギア株式会社,,https://www.wantedly.com/projects/1828193
株式会社アップグレード,,https://www.wantedly.com/projects/2153379
ハチマルヤ合同会社,,https://www.wantedly.com/projects/2075686
株式会社EQUES,,https://www.wantedly.com/projects/1682754
Ｋ．Ｓ．ロジャース株式会社,,https://www.wantedly.com/projects/1867086
タビアン株式会社,,https://www.wantedly.com/projects/2127578
FAKE,,https://www.wantedly.com/projects/1848199
株式会社Peds3,,https://www.wantedly.com/projects/2023251
株式会社ゼロイチスタート,,https://www.wantedly.com/projects/2137897
リバース株式会社,,https://www.wantedly.com/projects/622536
株式会社ゼロイチラボ,,https://www.wantedly.com/projects/1709746
株式会社Lbose,,https://www.wantedly.com/projects/2098229
日本ビジネスアート株式会社,,https://www.wantedly.com/projects/465355
ちゅくる株式会社,,https://www.wantedly.com/projects/382073
株式会社いろはにぽぺと,,https://www.wantedly.com/projects/157342
株式会社Samurai,,https://www.wantedly.com/projects/105511
株式会社アントアント,,https://www.wantedly.com/projects/1536707
Bee2B株式会社,,https://www.wantedly.com/projects/1539358
株式会社レターファン,,https://www.wantedly.com/projects/1778129
株式会社プレミアムアーツ,,https://www.wantedly.com/projects/308842
株式会社Gizumo,,https://www.wantedly.com/projects/414391
株式会社アイビス,,https://www.wantedly.com/projects/1999560
株式会社SPIN TECHNOLOGY,,https://www.wantedly.com/projects/1830219
株式会社 Purpom Media Lab,,https://www.wantedly.com/projects/2069412
株式会社シナスタジア,,https://www.wantedly.com/projects/1364072
デジタルギア株式会社,,https://www.wantedly.com/projects/1847947
株式会社アップグレード,,https://www.wantedly.com/projects/2119173
Priv Tech株式会社,,https://www.wantedly.com/projects/1968005
ハチマルヤ合同会社,,https://www.wantedly.com/projects/2049000
Ｋ．Ｓ．ロジャース株式会社,,https://www.wantedly.com/projects/2072530
FAKE,,https://www.wantedly.com/projects/2119667
株式会社ゼロイチスタート,,https://www.wantedly.com/projects/2147425
タビアン株式会社,,https://www.wantedly.com/projects/2143382
株式会社Lbose,,https://www.wantedly.com/projects/2013302
株式会社ゼロイチラボ,,https://www.wantedly.com/projects/1710343
株式会社いろはにぽぺと,,https://www.wantedly.com/projects/117168
ちゅくる株式会社,,https://www.wantedly.com/projects/493712
株式会社アントアント,,https://www.wantedly.com/projects/1881119
Bee2B株式会社,,https://www.wantedly.com/projects/1560327
株式会社レターファン,,https://www.wantedly.com/projects/2030786
株式会社Samurai,,https://www.wantedly.com/projects/25116
株式会社プレミアムアーツ,,https://www.wantedly.com/projects/31043
リバース株式会社,,https://www.wantedly.com/projects/474134
株式会社アイビス,,https://www.wantedly.com/projects/1992718
株式会社SPIN TECHNOLOGY,,https://www.wantedly.com/projects/1499010
株式会社 Purpom Media Lab,,https://www.wantedly.com/projects/2074556
株式会社シナスタジア,,https://www.wantedly.com/projects/2086889
デジタルギア株式会社,,https://www.wantedly.com/projects/1819983
Priv Tech株式会社,,https://www.wantedly.com/projects/1775295
ハチマルヤ合同会社,,https://www.wantedly.com/projects/2053456
Ｋ．Ｓ．ロジャース株式会社,,https://www.wantedly.com/projects/2060831
FAKE,,https://www.wantedly.com/projects/2135618
株式会社ゼロイチスタート,,https://www.wantedly.com/projects/2072522
タビアン株式会社,,https://www.wantedly.com/projects/1025862
株式会社ゼロイチラボ,,https://www.wantedly.com/projects/1735897
株式会社いろはにぽぺと,,https://www.wantedly.com/projects/120867
ちゅくる株式会社,,https://www.wantedly.com/projects/388868
Bee2B株式会社,,https://www.wantedly.com/projects/1523969
株式会社Samurai,,https://www.wantedly.com/projects/5804
株式会社レターファン,,https://www.wantedly.com/projects/1779079
株式会社アントアント,,https://www.wantedly.com/projects/1376694
株式会社プレミアムアーツ,,https://www.wantedly.com/projects/678605
株式会社アイビス,,https://www.wantedly.com/projects/2004058
株式会社 Purpom Media Lab,,https://www.wantedly.com/projects/2110808
株式会社SPIN TECHNOLOGY,,https://www.wantedly.com/projects/1720235
デジタルギア株式会社,,https://www.wantedly.com/projects/1868101
リバース株式会社,,https://www.wantedly.com/projects/558622
Ｋ．Ｓ．ロジャース株式会社,,https://www.wantedly.com/projects/1948171
FAKE,,https://www.wantedly.com/projects/2125806
株式会社ゼロイチスタート,,https://www.wantedly.com/projects/2124967
株式会社ゼロイチラボ,,https://www.wantedly.com/projects/1726611
株式会社いろはにぽぺと,,https://www.wantedly.com/projects/106124
ちゅくる株式会社,,https://www.wantedly.com/projects/371779
タビアン株式会社,,https://www.wantedly.com/projects/1379101
株式会社Samurai,,https://www.wantedly.com/projects/92993
Bee2B株式会社,,https://www.wantedly.com/projects/1533082
株式会社レターファン,,https://www.wantedly.com/projects/1886693
株式会社プレミアムアーツ,,https://www.wantedly.com/projects/661978
株式会社アントアント,,https://www.wantedly.com/projects/2055155
株式会社SPIN TECHNOLOGY,,https://www.wantedly.com/projects/1724622
株式会社アイビス,,https://www.wantedly.com/projects/1998292
株式会社 Purpom Media Lab,,https://www.wantedly.com/projects/2059905
デジタルギア株式会社,,https://www.wantedly.com/projects/1878820
Ｋ．Ｓ．ロジャース株式会社,,https://www.wantedly.com/projects/2099340
FAKE,,https://www.wantedly.com/projects/2116662
株式会社ゼロイチスタート,,https://www.wantedly.com/projects/2079917
株式会社いろはにぽぺと,,https://www.wantedly.com/projects/106664
ちゅくる株式会社,,https://www.wantedly.com/projects/372984
株式会社ゼロイチラボ,,https://www.wantedly.com/projects/1739045
株式会社Samurai,,https://www.wantedly.com/projects/88846
タビアン株式会社,,https://www.wantedly.com/projects/2097424
Bee2B株式会社,,https://www.wantedly.com/projects/1564538
株式会社レターファン,,https://www.wantedly.com/projects/1851459
株式会社アントアント,,https://www.wantedly.com/projects/2033359
株式会社プレミアムアーツ,,https://www.wantedly.com/projects/300853
株式会社SPIN TECHNOLOGY,,https://www.wantedly.com/projects/1831773
株式会社 Purpom Media Lab,,https://www.wantedly.com/projects/2114271
デジタルギア株式会社,,https://www.wantedly.com/projects/1825948
Ｋ．Ｓ．ロジャース株式会社,,https://www.wantedly.com/projects/1867087
FAKE,,https://www.wantedly.com/projects/2085441
株式会社ゼロイチスタート,,https://www.wantedly.com/projects/2140736
株式会社いろはにぽぺと,,https://www.wantedly.com/projects/105790
ちゅくる株式会社,,https://www.wantedly.com/projects/398959
株式会社ゼロイチラボ,,https://www.wantedly.com/projects/1739042
タビアン株式会社,,https://www.wantedly.com/projects/2149829
Bee2B株式会社,,https://www.wantedly.com/projects/1573062
株式会社Samurai,,https://www.wantedly.com/projects/115699
株式会社レターファン,,https://www.wantedly.com/projects/1790846
株式会社アントアント,,https://www.wantedly.com/projects/1860244
株式会社SPIN TECHNOLOGY,,https://www.wantedly.com/projects/1959716
株式会社プレミアムアーツ,,https://www.wantedly.com/projects/183279
株式会社 Purpom Media Lab,,https://www.wantedly.com/projects/2076931
デジタルギア株式会社,,https://www.wantedly.com/projects/1846416
Ｋ．Ｓ．ロジャース株式会社,,https://www.wantedly.com/projects/2011604
FAKE,,https://www.wantedly.com/projects/607343
株式会社ゼロイチスタート,,https://www.wantedly.com/projects/2140738
ちゅくる株式会社,,https://www.wantedly.com/projects/387005
株式会社いろはにぽぺと,,https://www.wantedly.com/projects/107892
株式会社ゼロイチラボ,,https://www.wantedly.com/projects/1710340
タビアン株式会社,,https://www.wantedly.com/projects/1391900
株式会社Samurai,,https://www.wantedly.com/projects/84582
Bee2B株式会社,,https://www.wantedly.com/projects/1643571
株式会社レターファン,,https://www.wantedly.com/projects/1881845
株式会社SPIN TECHNOLOGY,,https://www.wantedly.com/projects/1959385
株式会社アントアント,,https://www.wantedly.com/projects/1844093
株式会社プレミアムアーツ,,https://www.wantedly.com/projects/281050
デジタルギア株式会社,,https://www.wantedly.com/projects/1831780
株式会社 Purpom Media Lab,,https://www.wantedly.com/projects/2078288
Ｋ．Ｓ．ロジャース株式会社,,https://www.wantedly.com/projects/2084430
FAKE,,https://www.wantedly.com/projects/2070717
株式会社ゼロイチスタート,,https://www.wantedly.com/projects/2144439
ちゅくる株式会社,,https://www.wantedly.com/projects/371709
株式会社いろはにぽぺと,,https://www.wantedly.com/projects/110046
タビアン株式会社,,https://www.wantedly.com/projects/1369053
Bee2B株式会社,,https://www.wantedly.com/projects/1634625
株式会社Samurai,,https://www.wantedly.com/projects/18274
株式会社レターファン,,https://www.wantedly.com/projects/1873833
株式会社ゼロイチラボ,,https://www.wantedly.com/projects/1710326
株式会社SPIN TECHNOLOGY,,https://www.wantedly.com/projects/1973983
デジタルギア株式会社,,https://www.wantedly.com/projects/1860484
株式会社プレミアムアーツ,,https://www.wantedly.com/projects/207506
株式会社アントアント,,https://www.wantedly.com/projects/1895931
株式会社 Purpom Media Lab,,https://www.wantedly.com/projects/2079516
Ｋ．Ｓ．ロジャース株式会社,,https://www.wantedly.com/projects/1892433
株式会社ゼロイチスタート,,https://www.wantedly.com/projects/2122316
FAKE,,https://www.wantedly.com/projects/1848198
ちゅくる株式会社,,https://www.wantedly.com/projects/400660
株式会社いろはにぽぺと,,https://www.wantedly.com/projects/48726
タビアン株式会社,,https://www.wantedly.com/projects/2112328
Bee2B株式会社,,https://www.wantedly.com/projects/1622448
株式会社ゼロイチラボ,,https://www.wantedly.com/projects/1710306
株式会社レターファン,,https://www.wantedly.com/projects/1936959
株式会社SPIN TECHNOLOGY,,https://www.wantedly.com/projects/1959433
デジタルギア株式会社,,https://www.wantedly.com/projects/1840464
株式会社プレミアムアーツ,,https://www.wantedly.com/projects/468957
株式会社アントアント,,https://www.wantedly.com/projects/1942940
Ｋ．Ｓ．ロジャース株式会社,,https://www.wantedly.com/projects/2045440
株式会社ゼロイチスタート,,https://www.wantedly.com/projects/2135154
ちゅくる株式会社,,https://www.wantedly.com/projects/397120
株式会社いろはにぽぺと,,https://www.wantedly.com/projects/105762
FAKE,,https://www.wantedly.com/projects/2070676
Bee2B株式会社,,https://www.wantedly.com/projects/1575969
タビアン株式会社,,https://www.wantedly.com/projects/1996959
株式会社レターファン,,https://www.wantedly.com/projects/1974238
株式会社ゼロイチラボ,,https://www.wantedly.com/projects/1732514
株式会社SPIN TECHNOLOGY,,https://www.wantedly.com/projects/1803429
デジタルギア株式会社,,https://www.wantedly.com/projects/1843711
株式会社プレミアムアーツ,,https://www.wantedly.com/projects/386470
株式会社アントアント,,https://www.wantedly.com/projects/1513154
Ｋ．Ｓ．ロジャース株式会社,,https://www.wantedly.com/projects/1957580
ちゅくる株式会社,,https://www.wantedly.com/projects/397638
株式会社いろはにぽぺと,,https://www.wantedly.com/projects/105795
FAKE,,https://www.wantedly.com/projects/2064188
株式会社ゼロイチスタート,,https://www.wantedly.com/projects/2127295
Bee2B株式会社,,https://www.wantedly.com/projects/1675226
タビアン株式会社,,https://www.wantedly.com/projects/1463264
株式会社ゼロイチラボ,,https://www.wantedly.com/projects/1710338
株式会社SPIN TECHNOLOGY,,https://www.wantedly.com/projects/1773759
株式会社プレミアムアーツ,,https://www.wantedly.com/projects/185018
株式会社レターファン,,https://www.wantedly.com/projects/1770664
株式会社アントアント,,https://www.wantedly.com/projects/1658035
デジタルギア株式会社,,https://www.wantedly.com/projects/1660062
Ｋ．Ｓ．ロジャース株式会社,,https://www.wantedly.com/projects/2037742
ちゅくる株式会社,,https://www.wantedly.com/projects/372983
株式会社いろはにぽぺと,,https://www.wantedly.com/projects/107688
株式会社ゼロイチスタート,,https://www.wantedly.com/projects/2129984
FAKE,,https://www.wantedly.com/projects/1804312
Bee2B株式会社,,https://www.wantedly.com/projects/1591302
タビアン株式会社,,https://www.wantedly.com/projects/1248648
株式会社SPIN TECHNOLOGY,,https://www.wantedly.com/projects/1968669
株式会社プレミアムアーツ,,https://www.wantedly.com/projects/183738
株式会社レターファン,,https://www.wantedly.com/projects/1791935
株式会社アントアント,,https://www.wantedly.com/projects/1475890
Ｋ．Ｓ．ロジャース株式会社,,https://www.wantedly.com/projects/2001009
株式会社いろはにぽぺと,,https://www.wantedly.com/projects/178343
株式会社ゼロイチスタート,,https://www.wantedly.com/projects/2144441
FAKE,,https://www.wantedly.com/projects/2116668
ちゅくる株式会社,,https://www.wantedly.com/projects/381459
Bee2B株式会社,,https://www.wantedly.com/projects/1658095
タビアン株式会社,,https://www.wantedly.com/projects/1868372
株式会社SPIN TECHNOLOGY,,https://www.wantedly.com/projects/1638017
株式会社プレミアムアーツ,,https://www.wantedly.com/projects/269536
株式会社レターファン,,https://www.wantedly.com/projects/1857781
株式会社アントアント,,https://www.wantedly.com/projects/1357787
Ｋ．Ｓ．ロジャース株式会社,,https://www.wantedly.com/projects/1846118
株式会社いろはにぽぺと,,https://www.wantedly.com/projects/160362
株式会社ゼロイチスタート,,https://www.wantedly.com/projects/2127297
FAKE,,https://www.wantedly.com/projects/2109009
ちゅくる株式会社,,https://www.wantedly.com/projects/388279
Bee2B株式会社,,https://www.wantedly.com/projects/1662083
タビアン株式会社,,https://www.wantedly.com/projects/1741506
株式会社SPIN TECHNOLOGY,,https://www.wantedly.com/projects/1976657
株式会社プレミアムアーツ,,https://www.wantedly.com/projects/334558
株式会社レターファン,,https://www.wantedly.com/projects/2051589
株式会社アントアント,,https://www.wantedly.com/projects/2010968
Ｋ．Ｓ．ロジャース株式会社,,https://www.wantedly.com/projects/1956034
株式会社いろはにぽぺと,,https://www.wantedly.com/projects/107684
株式会社ゼロイチスタート,,https://www.wantedly.com/projects/1989131
FAKE,,https://www.wantedly.com/projects/2035882
ちゅくる株式会社,,https://www.wantedly.com/projects/1442484
Bee2B株式会社,,https://www.wantedly.com/projects/1686474
タビアン株式会社,,https://www.wantedly.com/projects/1763009
株式会社SPIN TECHNOLOGY,,https://www.wantedly.com/projects/1679734
株式会社プレミアムアーツ,,https://www.wantedly.com/projects/219974
株式会社レターファン,,https://www.wantedly.com/projects/1780998
株式会社アントアント,,https://www.wantedly.com/projects/1686531
Ｋ．Ｓ．ロジャース株式会社,,https://www.wantedly.com/projects/2098373
株式会社いろはにぽぺと,,https://www.wantedly.com/projects/105799
株式会社ゼロイチスタート,,https://www.wantedly.com/projects/2119559
FAKE,,https://www.wantedly.com/projects/1804320
ちゅくる株式会社,,https://www.wantedly.com/projects/375493
Bee2B株式会社,,https://www.wantedly.com/projects/1580480
株式会社SPIN TECHNOLOGY,,https://www.wantedly.com/projects/1803193
タビアン株式会社,,https://www.wantedly.com/projects/1967543
株式会社プレミアムアーツ,,https://www.wantedly.com/projects/351428
株式会社レターファン,,https://www.wantedly.com/projects/1920348
株式会社アントアント,,https://www.wantedly.com/projects/1995499
Ｋ．Ｓ．ロジャース株式会社,,https://www.wantedly.com/projects/2069850
株式会社いろはにぽぺと,,https://www.wantedly.com/projects/115582
株式会社ゼロイチスタート,,https://www.wantedly.com/projects/1883656
FAKE,,https://www.wantedly.com/projects/2051109
ちゅくる株式会社,,https://www.wantedly.com/projects/385516
Bee2B株式会社,,https://www.wantedly.com/projects/1603182
株式会社SPIN TECHNOLOGY,,https://www.wantedly.com/projects/1714802
タビアン株式会社,,https://www.wantedly.com/projects/1713075
株式会社プレミアムアーツ,,https://www.wantedly.com/projects/551303
株式会社レターファン,,https://www.wantedly.com/projects/1785537
株式会社アントアント,,https://www.wantedly.com/projects/1831502
株式会社いろはにぽぺと,,https://www.wantedly.com/projects/156937
株式会社ゼロイチスタート,,https://www.wantedly.com/projects/2103227
FAKE,,https://www.wantedly.com/projects/2109012
ちゅくる株式会社,,https://www.wantedly.com/projects/482064
Bee2B株式会社,,https://www.wantedly.com/projects/1630771
株式会社SPIN TECHNOLOGY,,https://www.wantedly.com/projects/1773680
タビアン株式会社,,https://www.wantedly.com/projects/1996960
株式会社プレミアムアーツ,,https://www.wantedly.com/projects/497770
株式会社レターファン,,https://www.wantedly.com/projects/1763016
株式会社アントアント,,https://www.wantedly.com/projects/1462268
株式会社いろはにぽぺと,,https://www.wantedly.com/projects/106466
株式会社ゼロイチスタート,,https://www.wantedly.com/projects/2132734
Ｋ．Ｓ．ロジャース株式会社,,https://www.wantedly.com/projects/2001764
FAKE,,https://www.wantedly.com/projects/2035883
ちゅくる株式会社,,https://www.wantedly.com/projects/488062
Bee2B株式会社,,https://www.wantedly.com/projects/1575957
株式会社SPIN TECHNOLOGY,,https://www.wantedly.com/projects/1959384
タビアン株式会社,,https://www.wantedly.com/projects/2019701
株式会社プレミアムアーツ,,https://www.wantedly.com/projects/296233
株式会社アントアント,,https://www.wantedly.com/projects/1326744
FAKE,,https://www.wantedly.com/projects/1861806
ちゅくる株式会社,,https://www.wantedly.com/projects/391537
株式会社ゼロイチスタート,,https://www.wantedly.com/projects/2117571
株式会社プレミアムアーツ,,https://www.wantedly.com/projects/265416