company,contact_url,wantedly_url
株式会社LeapWell,,https://www.wantedly.com/projects/2145489
株式会社エムニ,,https://www.wantedly.com/projects/2152556
株式会社アントアント,,https://www.wantedly.com/projects/1346340
株式会社ミギナナメウエ,,https://www.wantedly.com/projects/1859570
Vision Base株式会社,,https://www.wantedly.com/projects/2140804
タビアン株式会社,,https://www.wantedly.com/projects/2149813
株式会社プロパゲート,,https://www.wantedly.com/projects/1608511
株式会社WorldHacks,,https://www.wantedly.com/projects/1590255
株式会社SaaTsu,,https://www.wantedly.com/projects/2133503
Priv Tech株式会社,,https://www.wantedly.com/projects/2019951
株式会社Anycloud,,https://www.wantedly.com/projects/2057526
ジョージアンドショーン株式会社,,https://www.wantedly.com/projects/2104091
株式会社SENRI,,https://www.wantedly.com/projects/1995364
株式会社フリックフィット,,https://www.wantedly.com/projects/1930876
株式会社ザブーン,,https://www.wantedly.com/projects/2002162
株式会社Kiei,,https://www.wantedly.com/projects/2067940
株式会社Techtical,,https://www.wantedly.com/projects/2140659
xxx株式会社,,https://www.wantedly.com/projects/2127746
株式会社GrooveDesigns,,https://www.wantedly.com/projects/2128530
株式会社ボーダレスシティ,,https://www.wantedly.com/projects/1922729
株式会社Lbose,,https://www.wantedly.com/projects/2128240
karufuka株式会社,,https://www.wantedly.com/projects/2139544
株式会社スパプラ,,https://www.wantedly.com/projects/2056794
株式会社futurelabo,,https://www.wantedly.com/projects/1890207
AnyReach株式会社,,https://www.wantedly.com/projects/2084405
GOGEN株式会社,,https://www.wantedly.com/projects/1807205
SinkCapital,,https://www.wantedly.com/projects/1120648
株式会社ミライCRM,,https://www.wantedly.com/projects/2111839
Weteam,,https://www.wantedly.com/projects/2102459
株式会社activo,,https://www.wantedly.com/projects/2058907
デザミス株式会社,,https://www.wantedly.com/projects/1473316
デザインファースト株式会社,,https://www.wantedly.com/projects/2014238
株式会社AppBrew,,https://www.wantedly.com/projects/1414520
TOP DEAD CENTER株式会社,,https://www.wantedly.com/projects/1860501
株式会社Nexceed,,https://www.wantedly.com/projects/2108454
株式会社Almondo,,https://www.wantedly.com/projects/1975141
株式会社SOCT,,https://www.wantedly.com/projects/1967870
つながりAI株式会社,,https://www.wantedly.com/projects/2104287
LUC株式会社,,https://www.wantedly.com/projects/2008971
WorldUtility株式会社,,https://www.wantedly.com/projects/2053228
株式会社 MedOps Technologies,,https://www.wantedly.com/projects/2115964
Ms.Engineer株式会社,,https://www.wantedly.com/projects/2150318
株式会社NATSLIVE Group,,https://www.wantedly.com/projects/292340
株式会社 Purpom Media Lab,,https://www.wantedly.com/projects/2116980
FAKE,,https://www.wantedly.com/projects/2085443
株式会社レターファン,,https://www.wantedly.com/projects/2054927
株式会社AIdeaLab,,https://www.wantedly.com/projects/1949524
冒険社プラコレ,,https://www.wantedly.com/projects/448255
株式会社OpenFashion,,https://www.wantedly.com/projects/562977
フロッグウェル株式会社,,https://www.wantedly.com/projects/1987407
Ｋ．Ｓ．ロジャース株式会社,,https://www.wantedly.com/projects/2142990
株式会社リ・クリエ,,https://www.wantedly.com/projects/1948022
株式会社ライトコード,,https://www.wantedly.com/projects/676522
ハチマルヤ合同会社,,https://www.wantedly.com/projects/2098600
株式会社Peds3,,https://www.wantedly.com/projects/2026665
株式会社アイビス,,https://www.wantedly.com/projects/2016462
カラビナテクノロジー株式会社,,https://www.wantedly.com/projects/549813
株式会社ソラジマ,,https://www.wantedly.com/projects/1948497
株式会社SHIFT AI,,https://www.wantedly.com/projects/2096943
大阪ヒートクール株式会社,,https://www.wantedly.com/projects/2152323
株式会社Multifverse,,https://www.wantedly.com/projects/1529488
株式会社クアリタ,,https://www.wantedly.com/projects/679206
はてなベース株式会社,,https://www.wantedly.com/projects/1763557
株式会社EQUES,,https://www.wantedly.com/projects/2145383
株式会社カドベヤ,,https://www.wantedly.com/projects/1958981
株式会社スマートドライブ,,https://www.wantedly.com/projects/533353
株式会社ゼロイチラボ,,https://www.wantedly.com/projects/1728889
日本ビジネスアート株式会社,,https://www.wantedly.com/projects/1603322
株式会社ストラテジーアンドパートナー,,https://www.wantedly.com/projects/503811
Empire State株式会社,,https://www.wantedly.com/projects/2142987
株式会社シナスタジア,,https://www.wantedly.com/projects/2140374
株式会社NewRecord,,https://www.wantedly.com/projects/2150933
forent株式会社,,https://www.wantedly.com/projects/1911547
株式会社リチェルカ,,https://www.wantedly.com/projects/2074019
BASHAKA株式会社,,https://www.wantedly.com/projects/2036447
株式会社add more,,https://www.wantedly.com/projects/349323
株式会社世良,,https://www.wantedly.com/projects/1692296
Bee2B株式会社,,https://www.wantedly.com/projects/1564569
KURO HOLDINGS株式会社,,https://www.wantedly.com/projects/1640627
クラウドット株式会社,,https://www.wantedly.com/projects/1641908
株式会社誠勝,,https://www.wantedly.com/projects/1992981
株式会社ライフスポーツ,,https://www.wantedly.com/projects/175730
株式会社　陣屋コネクト,,https://www.wantedly.com/projects/459107
株式会社Everforth,,https://www.wantedly.com/projects/79075
Ixone株式会社,,https://www.wantedly.com/projects/2105580
アドバリスター株式会社,,https://www.wantedly.com/projects/318476
株式会社pamxy,,https://www.wantedly.com/projects/531708
株式会社ALBONA,,https://www.wantedly.com/projects/2149998
株式会社DATAFLUCT,,https://www.wantedly.com/projects/680726
株式会社グッドパッチ,,https://www.wantedly.com/projects/304725
株式会社ESSEOTIA,,https://www.wantedly.com/projects/2134355
株式会社パテ,,https://www.wantedly.com/projects/2045294
株式会社 アカリ,,https://www.wantedly.com/projects/224138
株式会社SAMANSA,,https://www.wantedly.com/projects/1224255
株式会社メンテル,,https://www.wantedly.com/projects/1868550
カソク株式会社,,https://www.wantedly.com/projects/2075458
ONESTRUCTION株式会社,,https://www.wantedly.com/projects/2001046
株式会社ゼロイチスタート,,https://www.wantedly.com/projects/2147420
kickflow,,https://www.wantedly.com/projects/2029782
株式会社インフラトップ,,https://www.wantedly.com/projects/1637854
ニフジ株式会社,,https://www.wantedly.com/projects/1774939
TieSet Inc.,,https://www.wantedly.com/projects/556344
"GO RIDE,Inc.",,https://www.wantedly.com/projects/475321
O: inc.,,https://www.wantedly.com/projects/416315
株式会社Samurai,,https://www.wantedly.com/projects/18273
株式会社TAM,,https://www.wantedly.com/projects/237014
TECHFUND Inc.,,https://www.wantedly.com/projects/582255
株式会社アップグレード,,https://www.wantedly.com/projects/2148942
株式会社monoii,,https://www.wantedly.com/projects/2107406
リバース株式会社,,https://www.wantedly.com/projects/576486
株式会社メディアファースト,,https://www.wantedly.com/projects/1391537
株式会社Gizumo,,https://www.wantedly.com/projects/671887
TDAI Lab,,https://www.wantedly.com/projects/470134
株式会社フロネシス,,https://www.wantedly.com/projects/296463
ディップ株式会社,,https://www.wantedly.com/projects/516123
INTLOOP株式会社,,https://www.wantedly.com/projects/498425
株式会社ぐーどろ,,https://www.wantedly.com/projects/1969920
株式会社ユナイテッドマインドジャパン,,https://www.wantedly.com/projects/2000373
GOODLIFE.Inc,,https://www.wantedly.com/projects/1716797
株式会社any style,,https://www.wantedly.com/projects/1610980
株式会社フォワード,,https://www.wantedly.com/projects/1690995
株式会社ANIMA GROUP,,https://www.wantedly.com/projects/1914979
株式会社SPIN TECHNOLOGY,,https://www.wantedly.com/projects/1465379
株式会社ブルード,,https://www.wantedly.com/projects/379537
Repro Inc.,,https://www.wantedly.com/projects/13022
（株）STORY,,https://www.wantedly.com/projects/1218381
株式会社Yotsunagi,,https://www.wantedly.com/projects/1434928
マネーペディア株式会社,,https://www.wantedly.com/projects/1443191
ON CO.LTD. / 株式会社ON,,https://www.wantedly.com/projects/152278
株式会社pluszero,,https://www.wantedly.com/projects/245952
株式会社ジュニ,,https://www.wantedly.com/projects/478798
株式会社Knocknote,,https://www.wantedly.com/projects/563299
株式会社ORPHE,,https://www.wantedly.com/projects/304111
"Corpy & Co., Inc.",,https://www.wantedly.com/projects/533417
株式会社EAGLE,,https://www.wantedly.com/projects/1769542
株式会社Tours,,https://www.wantedly.com/projects/1857952
東京ロボティクス株式会社,,https://www.wantedly.com/projects/159581
株式会社Athena Technologies,,https://www.wantedly.com/projects/1897358
ジールズ株式会社,,https://www.wantedly.com/projects/7722
株式会社ライブエスト,,https://www.wantedly.com/projects/455837
株式会社トランスリアル,,https://www.wantedly.com/projects/1251011
株式会社KUIX,,https://www.wantedly.com/projects/1343442
株式会社SAMPO,,https://www.wantedly.com/projects/1783959
株式会社オリサンキュ,,https://www.wantedly.com/projects/282224
株式会社ネクプロ,,https://www.wantedly.com/projects/645735
株式会社いろはにぽぺと,,https://www.wantedly.com/projects/42954
株式会社SAMURAI,,https://www.wantedly.com/projects/2154472
株式会社ドリームオンライン,,https://www.wantedly.com/projects/433318
株式会社Eco-Pork,,https://www.wantedly.com/projects/1928124
株式会社CoLife,,https://www.wantedly.com/projects/495332
KYLA株式会社,,https://www.wantedly.com/projects/650431
デジタルギア株式会社,,https://www.wantedly.com/projects/1825370
ReIT合同会社,,https://www.wantedly.com/projects/2156276
株式会社スペースデータ,,https://www.wantedly.com/projects/1924484
株式会社ラスファクトリー,,https://www.wantedly.com/projects/223737
Diver-X,,https://www.wantedly.com/projects/2122122
株式会社イベント21,,https://www.wantedly.com/projects/264313
株式会社palan,,https://www.wantedly.com/projects/265313
LLL inc.,,https://www.wantedly.com/projects/410863
株式会社ログラス,,https://www.wantedly.com/projects/602960
合同会社暗号屋,,https://www.wantedly.com/projects/507053
株式会社BitStar,,https://www.wantedly.com/projects/502740
株式会社 カニカピラ,,https://www.wantedly.com/projects/657993
有限会社ウィンビット,,https://www.wantedly.com/projects/56372
株式会社つなげーと,,https://www.wantedly.com/projects/428988
株式会社ストロボ,,https://www.wantedly.com/projects/648253
株式会社GROW,,https://www.wantedly.com/projects/456581
WorX株式会社,,https://www.wantedly.com/projects/597772
株式会社BTM,,https://www.wantedly.com/projects/633001
Evand株式会社 ICT事業部,,https://www.wantedly.com/projects/163086
株式会社G・B・S,,https://www.wantedly.com/projects/271849
株式会社アンモナイトワークス,,https://www.wantedly.com/projects/1288556
株式会社ワールドワイドウィングス,,https://www.wantedly.com/projects/542137
株式会社Carecon,,https://www.wantedly.com/projects/617412
ファーストループテクノロジー株式会社,,https://www.wantedly.com/projects/525707
株式会社アルス・ウェアー,,https://www.wantedly.com/projects/566082
株式会社AYUMI BIONICS,,https://www.wantedly.com/projects/1984155
株式会社Speee,,https://www.wantedly.com/projects/636605
ちゅくる株式会社,,https://www.wantedly.com/projects/392075
株式会社WINNERS,,https://www.wantedly.com/projects/274495
SEQSENSE株式会社,,https://www.wantedly.com/projects/237946
株式会社プレミアムアーツ,,https://www.wantedly.com/projects/445364
株式会社プロフィットメイカーズ,,https://www.wantedly.com/projects/1081153
株式会社クリーク・アンド・リバー社,,https://www.wantedly.com/projects/355566
株式会社マノア・リノ,,https://www.wantedly.com/projects/550149
株式会社アークネクト,,https://www.wantedly.com/projects/441068
株式会社クライド,,https://www.wantedly.com/projects/1679160
LIDDELL株式会社,,https://www.wantedly.com/projects/1964989
株式会社デジタルハック,,https://www.wantedly.com/projects/2018338
GROOVE X株式会社,,https://www.wantedly.com/projects/1539650
トラベルブック株式会社,,https://www.wantedly.com/projects/600232
株式会社ブラストエッジゲームズ,,https://www.wantedly.com/projects/789676
株式会社メイツ,,https://www.wantedly.com/projects/645404
サクラス株式会社,,https://www.wantedly.com/projects/1732396
アイリア株式会社,,https://www.wantedly.com/projects/921618
株式会社スカイベイビーズ,,https://www.wantedly.com/projects/593654
株式会社ACES,,https://www.wantedly.com/projects/552540
日本潜水機株式会社,,https://www.wantedly.com/projects/680188
株式会社アンクシステムズ,,https://www.wantedly.com/projects/19372
株式会社Her's,,https://www.wantedly.com/projects/655863
株式会社NSグループ,,https://www.wantedly.com/projects/661386
株式会社デジタル・デザイナーズ・スタジオ,,https://www.wantedly.com/projects/204192
株式会社Grid Solutions,,https://www.wantedly.com/projects/423336
JOKER'S株式会社,,https://www.wantedly.com/projects/1808833
コンセンサス・ベイス株式会社,,https://www.wantedly.com/projects/1648054
Spirete株式会社,,https://www.wantedly.com/projects/1105356
株式会社BLUEISH,,https://www.wantedly.com/projects/2101611
ソフネットジャパン株式会社,,https://www.wantedly.com/projects/300208
toraco株式会社,,https://www.wantedly.com/projects/1977245
有限会社 信州ファーム荻原,,https://www.wantedly.com/projects/1579450
グローシップ・パートナーズ株式会社,,https://www.wantedly.com/projects/1946279
平安伸銅工業株式会社,,https://www.wantedly.com/projects/1870007
